{
  "cash_buffer_base": 160,
  "cash_buffer_per_house": 34,
  "max_bid_fraction": 0.7763467740660023,
  "trade_card_value": 50,
  "weights": {
    "auction": {
      "early": {
        "bias": -0.11503081956340734,
        "base_value": 0.8909375098122907,
        "group_strength": 0.5366303060004445,
        "group_heat": -0.14121470537610772,
        "group_heat_vs_base": 0.24393339854617976,
        "cell_heat": 0.3033486247031414,
        "landing_prob_group": -0.31761004925560526,
        "jail_exit_heat_group": 0.2211541249028532,
        "completes_monopoly": 1.071870974647801,
        "blocks_opponent_monopoly": 0.7551617818686942,
        "cash_after_bid": 1.2263381897253731,
        "liquidity_ratio": 0.3752487573722013,
        "risk_of_ruin": -1.1909698028107205,
        "is_street": 0.21851804637375372,
        "is_railroad": 0.020482358313040336,
        "is_utility": 0.004849575183779334,
        "owned_in_group": 0.10659624284260397,
        "positional_threat_self": 0.39046069447011805,
        "positional_threat_others": -0.08906256106312138,
        "railroad_synergy": 0.04109106294311252,
        "utility_synergy": -0.1075170747910486,
        "opponent_cash_min_norm": 0.724361940670238,
        "opponent_cash_pressure": 0.27039132292375573
      },
      "mid": {
        "bias": 0.8427500403099742,
        "base_value": 1.066425574995987,
        "group_strength": 0.7598063524669403,
        "group_heat": -0.36263810059764606,
        "group_heat_vs_base": 0.2675478533519321,
        "cell_heat": -0.2835165823005643,
        "landing_prob_group": -0.057846389405268206,
        "jail_exit_heat_group": 0.3916191703337266,
        "completes_monopoly": 1.1564233272131128,
        "blocks_opponent_monopoly": 0.4668717894377014,
        "cash_after_bid": 0.7933615698014495,
        "liquidity_ratio": 0.740192088164686,
        "risk_of_ruin": -0.8901140437481252,
        "is_street": 0.05842211939848505,
        "is_railroad": 0.195872435652536,
        "is_utility": 0.17984236810328094,
        "owned_in_group": 0.7549272229929028,
        "positional_threat_self": 0.018921352617666514,
        "positional_threat_others": -0.33724888018779553,
        "railroad_synergy": 0.2198111408189987,
        "utility_synergy": -0.12963708360207643,
        "opponent_cash_min_norm": 0.660720996821809,
        "opponent_cash_pressure": -0.417282838407934
      },
      "late": {
        "bias": 0.01765804324444747,
        "base_value": 1.2416999903889558,
        "group_strength": -0.21935119490160707,
        "group_heat": 0.8474205829808142,
        "group_heat_vs_base": 0.5949650978395284,
        "cell_heat": 0.16911105780177332,
        "landing_prob_group": 0.29261477910003714,
        "jail_exit_heat_group": -0.08899154387073302,
        "completes_monopoly": 1.052489197287648,
        "blocks_opponent_monopoly": 0.6209458547228699,
        "cash_after_bid": 0.516543397765964,
        "liquidity_ratio": 0.8138950043383304,
        "risk_of_ruin": -2.0172649822853783,
        "is_street": 0.032235796125125976,
        "is_railroad": 0.3656813384744341,
        "is_utility": 0.40953425840016455,
        "owned_in_group": 0.47366004503269343,
        "positional_threat_self": -0.28898475782347083,
        "positional_threat_others": 0.6024101620819866,
        "railroad_synergy": -0.2850537334937754,
        "utility_synergy": 0.07222415954172703,
        "opponent_cash_min_norm": -0.3424946077396362,
        "opponent_cash_pressure": -0.6716210331380621
      }
    },
    "build": {
      "early": {
        "bias": -0.2071403668367057,
        "roi": 0.6262307115844051,
        "rent_delta": 0.2408116265013412,
        "group_strength": 0.5179674771939936,
        "group_heat": -0.2947036702528957,
        "group_heat_vs_base": -0.39735646436156086,
        "cell_heat": 0.31692437949794366,
        "landing_prob_group": 0.26264222475658083,
        "jail_exit_heat_group": -0.2979931335685071,
        "cash_after_build": 0.4634375513039606,
        "enemy_threat": -0.21377032524775183,
        "level_norm": 0.002058996097117502,
        "to_hotel": 0.15653102791607076,
        "target_three": 0.385748433169463,
        "has_monopoly": 0.05235185594480945,
        "bank_houses_ratio": 0.27646430895823204,
        "bank_hotels_ratio": 0.049884636927813905,
        "positional_threat_others": 0.30747807658640824,
        "house_scarcity": -0.20220385337616348,
        "hotel_scarcity": 0.2469042481456411,
        "denial_value": -0.5523399221918737,
        "opponent_cash_pressure": 0.6892739521578584
      },
      "mid": {
        "bias": -0.174549752553308,
        "roi": 0.8458442446136882,
        "rent_delta": -0.24487404480033917,
        "group_strength": 0.2580094315719498,
        "group_heat": 0.37567182650235836,
        "group_heat_vs_base": -0.0881887315956839,
        "cell_heat": -0.07170515347070675,
        "landing_prob_group": -0.5107782932905146,
        "jail_exit_heat_group": 0.06799489451300963,
        "cash_after_build": 0.4208029364310035,
        "enemy_threat": -0.4897873826560308,
        "level_norm": -0.16116587317644865,
        "to_hotel": 0.35977888600494523,
        "target_three": 0.5298277661723486,
        "has_monopoly": 0.8106993768615245,
        "bank_houses_ratio": 0.06040795475205413,
        "bank_hotels_ratio": 0.21649349884391061,
        "positional_threat_others": -0.24918378033078883,
        "house_scarcity": -0.13640441958877458,
        "hotel_scarcity": -0.2965056234398811,
        "denial_value": 0.04011694449294935,
        "opponent_cash_pressure": -0.5562258848985536
      },
      "late": {
        "bias": 0.02492088066570916,
        "roi": 1.1329388794880793,
        "rent_delta": 0.49630769458612284,
        "group_strength": 0.9072367685633024,
        "group_heat": -0.28298692986610646,
        "group_heat_vs_base": -0.15058361574270204,
        "cell_heat": -0.40413098943842274,
        "landing_prob_group": -0.277745699618895,
        "jail_exit_heat_group": 0.12986496210679194,
        "cash_after_build": 0.19790131296737876,
        "enemy_threat": -0.7396147167658468,
        "level_norm": -0.36770350062030904,
        "to_hotel": -1.043709636168518,
        "target_three": -0.17644710732729058,
        "has_monopoly": 1.0472990444990522,
        "bank_houses_ratio": 0.019680023065166925,
        "bank_hotels_ratio": 0.6113786693654724,
        "positional_threat_others": 0.2345685284791219,
        "house_scarcity": -0.4321853122216893,
        "hotel_scarcity": -0.521846235913753,
        "denial_value": 0.14926991207725476,
        "opponent_cash_pressure": -0.3283226934731264
      }
    },
    "mortgage": {
      "early": {
        "bias": 0.051068521060549626,
        "asset_value": -0.7160158358133071,
        "low_value": 0.9128368798331172,
        "breaks_monopoly": -1.4398719959484372,
        "has_buildings": -0.7307644679430325,
        "group_heat": 0.189569151095193,
        "group_heat_vs_base": 0.0456141424064921,
        "cell_heat": -0.08202761784131218,
        "landing_prob_group": -0.0018045246357613343,
        "jail_exit_heat_group": -0.3179686852147359,
        "is_railroad": -0.08083426563029657,
        "is_utility": -0.06184697387574992,
        "cash_needed": 1.3178947955548024,
        "action_sell_building": 0.6566226127707379,
        "action_mortgage": 0.45017171430508546,
        "positional_threat_self": -0.40422724150066175
      },
      "mid": {
        "bias": -0.6616895006512834,
        "asset_value": -1.0034995048669888,
        "low_value": 1.1303517081819572,
        "breaks_monopoly": -1.3851838565933328,
        "has_buildings": -0.7358413105118814,
        "group_heat": -0.5643309579566096,
        "group_heat_vs_base": -0.700370598848025,
        "cell_heat": -0.31967755956646865,
        "landing_prob_group": 0.01641731722045635,
        "jail_exit_heat_group": -0.08803030323319054,