{
  "cash_buffer_base": 26,
  "cash_buffer_per_house": 15,
  "max_bid_fraction": 0.7900672673581456,
  "trade_card_value": 50,
  "weights": {
    "auction": {
      "early": {
        "bias": -0.03018694410364415,
        "base_value": 0.9730909749817357,
        "group_strength": 0.3580630553382127,
        "group_heat": -0.08282921038928423,
        "group_heat_vs_base": -0.32367172178819403,
        "cell_heat": 0.3573886537726817,
        "landing_prob_group": 0.23812255970678686,
        "jail_exit_heat_group": -0.3580155982925411,
        "completes_monopoly": 0.8444631906000791,
        "blocks_opponent_monopoly": 0.33243382085697903,
        "cash_after_bid": 0.28672357512635166,
        "liquidity_ratio": 0.4581858812965397,
        "risk_of_ruin": -0.743369374591148,
        "is_street": 0.25040474092066495,
        "is_railroad": 0.5748015110638495,
        "is_utility": 0.34538431766055455,
        "owned_in_group": 0.4934294364309695,
        "positional_threat_self": 0.33020225219247096,
        "positional_threat_others": -0.4198476847403434,
        "railroad_synergy": -0.14870854228541242,
        "utility_synergy": 1.0255523912862552,
        "opponent_cash_min_norm": -0.06993749235534147,
        "opponent_cash_pressure": 0.23182145733436285
      },
      "mid": {
        "bias": -0.1936485550375458,
        "base_value": 1.0718131111848532,
        "group_strength": 0.6355839137182318,
        "group_heat": -0.29159510268441846,
        "group_heat_vs_base": -0.19210522619974274,
        "cell_heat": 0.37853302836993097,
        "landing_prob_group": 0.13439488809562583,
        "jail_exit_heat_group": -0.5648539055567671,
        "completes_monopoly": 0.6946158759807745,
        "blocks_opponent_monopoly": 0.4793976090316679,
        "cash_after_bid": 0.8287108283505766,
        "liquidity_ratio": 0.8455838271482716,
        "risk_of_ruin": -0.8661064402884425,
        "is_street": 0.4571182252360643,
        "is_railroad": 0.38634711717375736,
        "is_utility": -0.1581869292245845,
        "owned_in_group": 0.42925932404957534,
        "positional_threat_self": -0.042150081370390016,
        "positional_threat_others": -0.23086213449176807,
        "railroad_synergy": -0.11441570940550852,
        "utility_synergy": -0.2377971085771365,
        "opponent_cash_min_norm": 0.25885127694273374,
        "opponent_cash_pressure": -0.4614247574104621
      },
      "late": {
        "bias": 0.15564185033570122,
        "base_value": 1.1518181359731046,
        "group_strength": -0.061069209341596015,
        "group_heat": 0.0011683128044934904,
        "group_heat_vs_base": 0.36130004626597634,
        "cell_heat": -0.33798102383542367,
        "landing_prob_group": -0.04799641720677181,
        "jail_exit_heat_group": 0.45555668267911553,
        "completes_monopoly": 0.8005668204756703,
        "blocks_opponent_monopoly": 0.2787617490026447,
        "cash_after_bid": 0.6480375724960721,
        "liquidity_ratio": 0.6444521291269142,
        "risk_of_ruin": -1.1117677761870834,
        "is_street": 0.18247739960278325,
        "is_railroad": 1.2294737604906265,
        "is_utility": 0.3242739009517971,
        "owned_in_group": -0.6434496250559556,
        "positional_threat_self": 0.07654094655432878,
        "positional_threat_others": -0.28424939330066845,
        "railroad_synergy": -0.49263817869222976,
        "utility_synergy": -0.052007394244569245,
        "opponent_cash_min_norm": 0.48627527453338165,
        "opponent_cash_pressure": -0.08784274832999193
      }
    },
    "build": {
      "early": {
        "bias": 0.058471672205732905,
        "roi": 1.1408934237683384,
        "rent_delta": 0.0944186883040134,
        "group_strength": 0.713899652410383,
        "group_heat": 0.647936384922223,
        "group_heat_vs_base": -0.19578928605779491,
        "cell_heat": 0.4813994085284939,
        "landing_prob_group": 0.43865741391401575,
        "jail_exit_heat_group": 0.6413614698303702,
        "cash_after_build": -0.6367847951595017,
        "enemy_threat": -0.33032370670524186,
        "level_norm": 0.2813095767536123,
        "to_hotel": 0.8978202430966469,
        "target_three": -0.5174547459443427,
        "has_monopoly": 0.6890006785887215,
        "bank_houses_ratio": -0.0759861628005844,
        "bank_hotels_ratio": 0.7093497519344386,
        "positional_threat_others": -0.3689621611111254,
        "house_scarcity": 1.2976130791235228,
        "hotel_scarcity": 0.16376760577214144,
        "denial_value": -0.18329719741377792,
        "opponent_cash_pressure": 0.167840285502097
      },
      "mid": {
        "bias": 0.14688338581532334,
        "roi": 0.47729863166155717,
        "rent_delta": 0.7937344498845167,
        "group_strength": 0.5930364888999408,
        "group_heat": -0.9538625746127399,
        "group_heat_vs_base": -0.12247282717020981,
        "cell_heat": -0.44912132012043904,
        "landing_prob_group": 0.22684450472750287,
        "jail_exit_heat_group": -0.32114570924220986,
        "cash_after_build": 0.8574607450442067,
        "enemy_threat": -1.011976624071509,
        "level_norm": -0.35945656186829855,
        "to_hotel": 0.3485006309147424,
        "target_three": 1.0521049039727688,
        "has_monopoly": 0.9268557174888165,
        "bank_houses_ratio": 0.4639142995568346,
        "bank_hotels_ratio": 0.15142145497234455,
        "positional_threat_others": -0.13889952718261178,
        "house_scarcity": 0.1296892267288643,
        "hotel_scarcity": 0.031215372456994003,
        "denial_value": 0.4908188215946273,
        "opponent_cash_pressure": -0.06636679231937312
      },
      "late": {
        "bias": -0.7523704893470214,
        "roi": 0.8356645710012331,
        "rent_delta": 0.5980301339216471,
        "group_strength": 0.4389413759127002,
        "group_heat": 0.042472708837712994,
        "group_heat_vs_base": -0.4676293585039303,
        "cell_heat": -0.33285130470591967,
        "landing_prob_group": 0.09617250185106865,
        "jail_exit_heat_group": 2.184934380116656,
        "cash_after_build": 0.9664359639246538,
        "enemy_threat": -1.1507348576822896,
        "level_norm": -0.12720244668000336,
        "to_hotel": 0.47947112807003367,
        "target_three": -0.005056526496379206,
        "has_monopoly": 1.0500066014399532,
        "bank_houses_ratio": 0.35235998040165406,
        "bank_hotels_ratio": 0.2349896982362242,
        "positional_threat_others": 0.4001197685783042,
        "house_scarcity": -0.24752580051657505,
        "hotel_scarcity": -0.12358846884336606,
        "denial_value": 0.0215080812140116,
        "opponent_cash_pressure": 0.0494084760176782
      }
    },
    "mortgage": {
      "early": {
        "bias": 0.5538936210948512,
        "asset_value": 0.04664872100855405,
        "low_value": 0.9775023224370629,
        "breaks_monopoly": -0.9814733241950456,
        "has_buildings": -0.11108430789909685,
        "group_heat": 0.3761427392443917,
        "group_heat_vs_base": 0.3094284782388768,
        "cell_heat": -0.1392359846334206,
        "landing_prob_group": -0.20760220582817857,
        "jail_exit_heat_group": 0.10465416167648575,
        "is_railroad": -0.2930684428692809,
        "is_utility": -0.029618788770640836,
        "cash_needed": 1.65000048051132,
        "action_sell_building": 0.6718248016748378,
        "action_mortgage": 0.4140918118508823,
        "positional_threat_self": 0.03376515870760269
      },
      "mid": {
        "bias": -0.22579191261129786,
        "asset_value": -0.3200667069941411,
        "low_value": 1.2853302616816773,
        "breaks_monopoly": -0.8991537181483333,
        "has_buildings": -0.9475101060198672,
        "group_heat": 0.24986838365148678,
        "group_heat_vs_base": 0.30043107640859223,
        "cell_heat": -0.11675719168340222,
        "landing_prob_group": -0.03636056430862636,
        "jail_exit_heat_group": -0.4925718102573418,