{
  "cash_buffer_base": 150,
  "cash_buffer_per_house": 36,
  "max_bid_fraction": 0.5425340146273668,
  "trade_card_value": 50,
  "weights": {
    "auction": {
      "early": {
        "bias": -0.1366360439358293,
        "base_value": 1.0941669651311432,
        "group_strength": 0.6674086586453327,
        "group_heat": -0.5699570553902955,
        "group_heat_vs_base": 0.8607478224393033,
        "cell_heat": 0.21350203850689523,
        "landing_prob_group": 0.1854483300967627,
        "jail_exit_heat_group": -0.16835143184840862,
        "completes_monopoly": 1.892974866016213,
        "blocks_opponent_monopoly": 0.12613638530546958,
        "cash_after_bid": 0.8100917500203292,
        "liquidity_ratio": 0.5684848339313253,
        "risk_of_ruin": -0.9557111245858114,
        "is_street": 0.12276368760612288,
        "is_railroad": 0.5222753652377198,
        "is_utility": -0.04437516708948075,
        "owned_in_group": 1.200311051729102,
        "positional_threat_self": 0.22961678649721512,
        "positional_threat_others": 0.13769651554876855,
        "railroad_synergy": -0.3245841753425693,
        "utility_synergy": 0.18700557426710082,
        "opponent_cash_min_norm": -0.20992010344260964,
        "opponent_cash_pressure": -0.3826325830910564
      },
      "mid": {
        "bias": 0.053915202176821095,
        "base_value": 1.2510851010422872,
        "group_strength": 0.8317700601812347,
        "group_heat": -0.1433101754496805,
        "group_heat_vs_base": 0.11256526969332323,
        "cell_heat": -0.31933636522450515,
        "landing_prob_group": -0.6084867246722422,
        "jail_exit_heat_group": -0.08114695577564465,
        "completes_monopoly": 1.2806615665068275,
        "blocks_opponent_monopoly": 0.49183573372679595,
        "cash_after_bid": 1.0515730321534682,
        "liquidity_ratio": 0.3665266088269714,
        "risk_of_ruin": -0.9745109175598309,
        "is_street": 0.1500577884543796,
        "is_railroad": 0.4442299899081534,
        "is_utility": 0.5419028879766039,
        "owned_in_group": 0.8633308440820247,
        "positional_threat_self": 0.019010417999366404,
        "positional_threat_others": -0.4250646604298271,
        "railroad_synergy": 1.0089414422234773,
        "utility_synergy": 0.08670453103798303,
        "opponent_cash_min_norm": 0.08393043455693086,
        "opponent_cash_pressure": -0.22546077705336756
      },
      "late": {
        "bias": -0.12761665050634988,
        "base_value": 0.17179679297566708,
        "group_strength": 0.284280215955426,
        "group_heat": 0.8412389334823273,
        "group_heat_vs_base": -0.6454001059853023,
        "cell_heat": 0.2883014411704218,
        "landing_prob_group": 0.33874577292055097,
        "jail_exit_heat_group": 0.07217007740972846,
        "completes_monopoly": 0.767240440857743,
        "blocks_opponent_monopoly": 0.5990149024481516,
        "cash_after_bid": 1.2071328402867902,
        "liquidity_ratio": 0.9902999880258774,
        "risk_of_ruin": 0.6102329474504473,
        "is_street": 0.15145018380209108,
        "is_railroad": 0.4711615371507526,
        "is_utility": 0.24778074582614298,
        "owned_in_group": 0.5588428404060634,
        "positional_threat_self": -0.49429254596056865,
        "positional_threat_others": -0.10120350041727126,
        "railroad_synergy": 0.02093013939223859,
        "utility_synergy": 0.17750807900443372,
        "opponent_cash_min_norm": -0.005331388268715279,
        "opponent_cash_pressure": -0.3525614302659669
      }
    },
    "build": {
      "early": {
        "bias": -0.29888705570912655,
        "roi": 0.4399213550454044,
        "rent_delta": 0.21620529020707224,
        "group_strength": 1.1088335421135813,
        "group_heat": 0.09637028800350295,
        "group_heat_vs_base": -0.4537544428581161,
        "cell_heat": -0.27104863782688593,
        "landing_prob_group": 0.015597305932135347,
        "jail_exit_heat_group": 0.09424356982914163,
        "cash_after_build": 0.7241480080711494,
        "enemy_threat": -0.11308076569017655,
        "level_norm": 0.6069210803951968,
        "to_hotel": -0.006712381010730503,
        "target_three": 0.6527049511869396,
        "has_monopoly": 0.3267562662464598,
        "bank_houses_ratio": 0.7898923163943203,
        "bank_hotels_ratio": -0.8240521610867593,
        "positional_threat_others": 0.5693205862397925,
        "house_scarcity": 0.723346982954727,
        "hotel_scarcity": -0.16907552344844062,
        "denial_value": 0.6719367623356032,
        "opponent_cash_pressure": 0.3213662673512692
      },
      "mid": {
        "bias": 0.1927128173425495,
        "roi": 0.7982168412823677,
        "rent_delta": 0.4236791018812233,
        "group_strength": 0.11421638873735021,
        "group_heat": 0.010982475728676458,
        "group_heat_vs_base": 0.229313387846283,
        "cell_heat": 0.015198323474170033,
        "landing_prob_group": 0.1391916322308232,
        "jail_exit_heat_group": -0.19744734291229743,
        "cash_after_build": 0.2148577603041142,
        "enemy_threat": -0.4943653124720574,
        "level_norm": -0.015612345155198049,
        "to_hotel": 0.7723920402479557,
        "target_three": 0.4419424318813473,
        "has_monopoly": 1.3111938302539738,
        "bank_houses_ratio": 0.8217338434800935,
        "bank_hotels_ratio": 0.010885781236957937,
        "positional_threat_others": 0.4393236567944039,
        "house_scarcity": -0.03806086492918496,
        "hotel_scarcity": -0.028384893571418254,
        "denial_value": 0.549768142494473,
        "opponent_cash_pressure": 0.15277644413927158
      },
      "late": {
        "bias": -0.2941898121840854,
        "roi": 0.7772925730285688,
        "rent_delta": 0.5814498521990235,
        "group_strength": 0.30801240005246194,
        "group_heat": -0.03823775562863137,
        "group_heat_vs_base": 0.3058982832840573,
        "cell_heat": -0.4390857510860655,
        "landing_prob_group": 0.3561372936820067,
        "jail_exit_heat_group": -0.4837835181472328,
        "cash_after_build": 1.2192769955897966,
        "enemy_threat": -0.8875128200474983,
        "level_norm": 0.15074850944892465,
        "to_hotel": 0.3166356908314249,
        "target_three": 0.28813148487156937,
        "has_monopoly": 0.5992521580662604,
        "bank_houses_ratio": 0.7271811349456392,
        "bank_hotels_ratio": 1.1474506730487135,
        "positional_threat_others": -0.4280817330478467,
        "house_scarcity": 0.1137052859592559,
        "hotel_scarcity": 0.24606335138188662,
        "denial_value": 1.0954713762387018,
        "opponent_cash_pressure": -0.22113439191494277
      }
    },
    "mortgage": {
      "early": {
        "bias": -0.37972404958668177,
        "asset_value": -0.6954702374081845,
        "low_value": 0.4586958667820867,
        "breaks_monopoly": -1.3153653328187962,
        "has_buildings": -0.39182858880919413,
        "group_heat": 0.15781657846836683,
        "group_heat_vs_base": -0.3916807178142081,
        "cell_heat": -0.03623826011545497,
        "landing_prob_group": 0.437131214503347,
        "jail_exit_heat_group": 0.8374509767845822,
        "is_railroad": 0.07989144492160619,
        "is_utility": 0.355948037925637,
        "cash_needed": 1.0910404035138168,
        "action_sell_building": 0.9570071339207792,
        "action_mortgage": 0.5231200990031843,
        "positional_threat_self": 0.006534817772977444
      },
      "mid": {
        "bias": -0.00910978502684454,
        "asset_value": -0.03343434050773007,
        "low_value": 0.9731953587008603,
        "breaks_monopoly": -1.4763787368184973,
        "has_buildings": -0.4852158285613787,
        "group_heat": -0.45726715779480714,
        "group_heat_vs_base": 0.04272413276588068,
        "cell_heat": 0.3776097274319297,
        "landing_prob_group": 0.403082320271791,
        "jail_exit_heat_group": 0.07203033427557734,
        "is_railroad": -0.43023755263995733,