{
  "cash_buffer_base": 93,
  "cash_buffer_per_house": 16,
  "max_bid_fraction": 0.44977929230684816,
  "trade_card_value": 50,
  "weights": {
    "auction": {
      "early": {
        "bias": -1.2297609851127467,
        "base_value": 1.3111593366650596,
        "group_strength": 0.8327784459987572,
        "group_heat": 0.12159864375292218,
        "group_heat_vs_base": 0.23168627727210825,
        "cell_heat": -1.1599058870645584,
        "landing_prob_group": -0.016347763354510995,
        "jail_exit_heat_group": 0.0320818862265788,
        "completes_monopoly": 0.7998096142457629,
        "blocks_opponent_monopoly": 0.6849843789095053,
        "cash_after_bid": 0.5053503471562448,
        "liquidity_ratio": -0.015289645543208191,
        "risk_of_ruin": -0.782225038252059,
        "is_street": 0.3306005387431126,
        "is_railroad": 0.21949630664718475,
        "is_utility": -0.8528723382039163,
        "owned_in_group": 0.5307802391580282,
        "positional_threat_self": 0.6656904055308968,
        "positional_threat_others": 0.2916725157236706,
        "railroad_synergy": -0.026089991747058894,
        "utility_synergy": -0.026894429088294848,
        "opponent_cash_min_norm": -0.3126762625996604,
        "opponent_cash_pressure": -0.06351399207062129
      },
      "mid": {
        "bias": 0.11087123626115994,
        "base_value": 1.488933677514886,
        "group_strength": 0.19806014566316704,
        "group_heat": 0.3637784443525951,
        "group_heat_vs_base": 0.05570654259012321,
        "cell_heat": 0.13709906481048928,
        "landing_prob_group": -0.2476839814842538,
        "jail_exit_heat_group": 0.7181194420207557,
        "completes_monopoly": 1.3181540875401658,
        "blocks_opponent_monopoly": 0.7691022511232058,
        "cash_after_bid": 0.825180150907857,
        "liquidity_ratio": 0.8677612847510052,
        "risk_of_ruin": -1.1508769410185258,
        "is_street": 0.18317564633952632,
        "is_railroad": -0.06814445134800723,
        "is_utility": -1.0175375466986636,
        "owned_in_group": 0.4946863276444571,
        "positional_threat_self": -0.13170201274224067,
        "positional_threat_others": -0.059131221601973566,
        "railroad_synergy": -0.41448949753274245,
        "utility_synergy": 0.4794875249993259,
        "opponent_cash_min_norm": 0.567186454493046,
        "opponent_cash_pressure": 0.32506545103158474
      },
      "late": {
        "bias": -0.20841264523524372,
        "base_value": 0.9692722440180597,
        "group_strength": 0.06555147907582093,
        "group_heat": -0.7908961415155421,
        "group_heat_vs_base": -0.38780133887196633,
        "cell_heat": -0.1439580245049397,
        "landing_prob_group": -0.5584290252834313,
        "jail_exit_heat_group": -0.2329794327375434,
        "completes_monopoly": 0.6032148539903441,
        "blocks_opponent_monopoly": 0.13898895046399293,
        "cash_after_bid": 1.1170813618896691,
        "liquidity_ratio": 0.4389763400924734,
        "risk_of_ruin": -1.7254349252238772,
        "is_street": 0.36030291967208916,
        "is_railroad": 0.5120648175893284,
        "is_utility": -0.09153376407018064,
        "owned_in_group": 0.793193000334476,
        "positional_threat_self": 0.2928514632575287,
        "positional_threat_others": -0.19730800599834794,
        "railroad_synergy": -0.17455466045109516,
        "utility_synergy": 0.07780873383251707,
        "opponent_cash_min_norm": 0.007244871098559924,
        "opponent_cash_pressure": -0.21833453345113985
      }
    },
    "build": {
      "early": {
        "bias": 0.010141142384465994,
        "roi": 0.9803961971974042,
        "rent_delta": 0.4822141538219956,
        "group_strength": 1.3736348324490442,
        "group_heat": -0.07946773602459883,
        "group_heat_vs_base": -0.47451257013238796,
        "cell_heat": -0.28878302507148257,
        "landing_prob_group": -0.20060936819970696,
        "jail_exit_heat_group": 0.24080090245713703,
        "cash_after_build": 0.3411732333088827,
        "enemy_threat": -0.4311800327545638,
        "level_norm": -0.7718823674527346,
        "to_hotel": 0.3179065906754107,
        "target_three": 0.7693073160843802,
        "has_monopoly": 0.4573716537373616,
        "bank_houses_ratio": -0.16894027856427352,
        "bank_hotels_ratio": 0.5747018089326141,
        "positional_threat_others": -0.35477079296557906,
        "house_scarcity": -0.14289293766383532,
        "hotel_scarcity": 0.1941390599674907,
        "denial_value": -0.2221287400453516,
        "opponent_cash_pressure": 0.2826575984867753
      },
      "mid": {
        "bias": 0.6307552258092787,
        "roi": 0.8703313968818241,
        "rent_delta": 0.27242869390465385,
        "group_strength": 0.05661642394786499,
        "group_heat": 0.37899728504491487,
        "group_heat_vs_base": -0.12678720962236856,
        "cell_heat": 0.010494917412411625,
        "landing_prob_group": 0.022994166564290867,
        "jail_exit_heat_group": 0.1356680727191848,
        "cash_after_build": 0.44853443396077014,
        "enemy_threat": -0.11149298108872754,
        "level_norm": 0.26980629700830405,
        "to_hotel": 0.0785614924245438,
        "target_three": 0.6024548262579053,
        "has_monopoly": 1.325984817536316,
        "bank_houses_ratio": -0.3695850609562323,
        "bank_hotels_ratio": -0.0602750262933381,
        "positional_threat_others": 0.22121887888665737,
        "house_scarcity": 1.6640179812313105,
        "hotel_scarcity": 0.42606947473673873,
        "denial_value": 0.05782207455876079,
        "opponent_cash_pressure": 0.037360345819585875
      },
      "late": {
        "bias": 0.6709292957531473,
        "roi": 1.0003646142503988,
        "rent_delta": 0.3138062839168872,
        "group_strength": 1.179444235945904,
        "group_heat": 0.10757317628570405,
        "group_heat_vs_base": -0.4538146323780347,
        "cell_heat": -0.0978857114723268,
        "landing_prob_group": 0.1060878150606002,
        "jail_exit_heat_group": 0.4361262705942307,
        "cash_after_build": 0.5028669445886246,
        "enemy_threat": -0.4407269956212744,
        "level_norm": 0.8782304673177499,
        "to_hotel": -0.23299042022750327,
        "target_three": 0.327272673189337,
        "has_monopoly": -0.334005534939117,
        "bank_houses_ratio": 0.40280942944803855,
        "bank_hotels_ratio": 0.04613070034954225,
        "positional_threat_others": 0.16760821029423606,
        "house_scarcity": -0.6810400509720042,
        "hotel_scarcity": 0.22300968186475234,
        "denial_value": 0.006326562798488332,
        "opponent_cash_pressure": 0.1020704037495458
      }
    },
    "mortgage": {
      "early": {
        "bias": 0.0978392750900183,
        "asset_value": -0.13857779873977102,
        "low_value": 0.8847107542641646,
        "breaks_monopoly": -0.8597570157434103,
        "has_buildings": -1.6157904185730252,
        "group_heat": 0.3987484076866032,
        "group_heat_vs_base": -0.21760923025130602,
        "cell_heat": -0.32831923313215705,
        "landing_prob_group": 0.2085176423821593,
        "jail_exit_heat_group": -0.9276579823507018,
        "is_railroad": 0.581759597963835,
        "is_utility": -0.4558590111712376,
        "cash_needed": 2.5,
        "action_sell_building": 1.0261023006512577,
        "action_mortgage": 0.7793127927948311,
        "positional_threat_self": -0.14869514783109786
      },
      "mid": {
        "bias": 0.139877578154393,
        "asset_value": -1.707260915336108,
        "low_value": 0.6925675070208533,
        "breaks_monopoly": -1.2595274290820855,
        "has_buildings": -0.8308728487313166,
        "group_heat": -0.02103048895140118,
        "group_heat_vs_base": 1.516811554004819,
        "cell_heat": 0.3139056750828774,
        "landing_prob_group": -0.28205960966278976,
        "jail_exit_heat_group": 0.32122672340779423,
        "is_railroad": 0.06055760083495168,