{
  "cash_buffer_base": 179,
  "cash_buffer_per_house": 26,
  "max_bid_fraction": 0.7565362888312287,
  "trade_card_value": 50,
  "weights": {
    "auction": {
      "early": {
        "bias": -0.19922184743709292,
        "base_value": 0.6559961364311523,
        "group_strength": 0.784087317516072,
        "group_heat": -0.30314232613054704,
        "group_heat_vs_base": 0.0045737972787246615,
        "cell_heat": 0.5375716078985494,
        "landing_prob_group": 0.5818258335970729,
        "jail_exit_heat_group": 0.3092925998636284,
        "completes_monopoly": 1.5061695189634576,
        "blocks_opponent_monopoly": 0.228903460142022,
        "cash_after_bid": 0.4258703276698691,
        "liquidity_ratio": 1.1167730436736845,
        "risk_of_ruin": -1.3268708413833168,
        "is_street": 0.11838241589459447,
        "is_railroad": -0.23985601111279564,
        "is_utility": 0.5400087266407819,
        "owned_in_group": 0.3744895014750639,
        "positional_threat_self": 0.09034718408331723,
        "positional_threat_others": -0.20887043238497985,
        "railroad_synergy": -0.09201003527908452,
        "utility_synergy": -0.014042695090959428,
        "opponent_cash_min_norm": -0.07294995914731273,
        "opponent_cash_pressure": -0.659564613238483
      },
      "mid": {
        "bias": -0.19031811791639633,
        "base_value": 0.6859486561467909,
        "group_strength": 0.3070380821003036,
        "group_heat": 0.056066085118884945,
        "group_heat_vs_base": -0.08696713548091571,
        "cell_heat": 0.5358478978407119,
        "landing_prob_group": -0.4394874036709969,
        "jail_exit_heat_group": -0.07779953089522214,
        "completes_monopoly": 1.0689639215110456,
        "blocks_opponent_monopoly": 0.4603777092788144,
        "cash_after_bid": 0.2815208892962232,
        "liquidity_ratio": 0.3374097608801037,
        "risk_of_ruin": -1.0221034690555082,
        "is_street": 0.2760317336805034,
        "is_railroad": 0.3330651497497865,
        "is_utility": -0.0527512125070668,
        "owned_in_group": 1.0819827743606365,
        "positional_threat_self": -0.23213610238864463,
        "positional_threat_others": -0.2731139888324369,
        "railroad_synergy": 0.21915358659311646,
        "utility_synergy": 0.4964314551787439,
        "opponent_cash_min_norm": -0.05496809377576221,
        "opponent_cash_pressure": -0.4828305432123576
      },
      "late": {
        "bias": -0.3342103501049269,
        "base_value": 0.5152935234887248,
        "group_strength": 0.3683032439756966,
        "group_heat": 0.28796173088797233,
        "group_heat_vs_base": -0.3611101487067986,
        "cell_heat": -0.5670040533037379,
        "landing_prob_group": -0.11627801283902367,
        "jail_exit_heat_group": 0.41317606260093626,
        "completes_monopoly": 0.49790526297928506,
        "blocks_opponent_monopoly": 0.6524371683262474,
        "cash_after_bid": 1.209202178180771,
        "liquidity_ratio": 1.0145941169808115,
        "risk_of_ruin": -1.1746050719412675,
        "is_street": 0.6793452561544127,
        "is_railroad": 0.035131916631649385,
        "is_utility": 0.5897014066767509,
        "owned_in_group": 1.075719865385214,
        "positional_threat_self": 0.6601509509658209,
        "positional_threat_others": -0.06123854449309595,
        "railroad_synergy": -0.6586115365543277,
        "utility_synergy": -0.6167387742383205,
        "opponent_cash_min_norm": -0.11612889645024822,
        "opponent_cash_pressure": 0.20109801418356016
      }
    },
    "build": {
      "early": {
        "bias": -0.8124538866648587,
        "roi": 0.08212907737133379,
        "rent_delta": 0.6329583817415113,
        "group_strength": 0.39637922431368244,
        "group_heat": 0.6112476363241104,
        "group_heat_vs_base": 0.2880335138784698,
        "cell_heat": -0.08044390174861153,
        "landing_prob_group": 0.0029165599809045832,
        "jail_exit_heat_group": 0.22624900925772695,
        "cash_after_build": 1.0778905843104405,
        "enemy_threat": -0.314407095678819,
        "level_norm": -0.17431216313002568,
        "to_hotel": 0.4307502264557157,
        "target_three": 0.6634212151169807,
        "has_monopoly": 0.45411727914173733,
        "bank_houses_ratio": 0.06395374572189377,
        "bank_hotels_ratio": -0.01672467895852675,
        "positional_threat_others": -0.7507929061417373,
        "house_scarcity": 0.47297880242105833,
        "hotel_scarcity": 0.05234493136346213,
        "denial_value": -0.8645428537226112,
        "opponent_cash_pressure": -0.14698450954539097
      },
      "mid": {
        "bias": -0.46390004682582586,
        "roi": 1.2904589070855703,
        "rent_delta": 1.2323696253538552,
        "group_strength": 0.4158426268594386,
        "group_heat": -0.10135780745533468,
        "group_heat_vs_base": 0.07913276380798565,
        "cell_heat": -0.8327648806853865,
        "landing_prob_group": 0.8676170037469625,
        "jail_exit_heat_group": -0.21234847457906328,
        "cash_after_build": 0.5165963961637471,
        "enemy_threat": -0.8303009004693211,
        "level_norm": 0.25074336240143513,
        "to_hotel": 0.027193873418860204,
        "target_three": 0.17630029151245297,
        "has_monopoly": 1.0377911748357893,
        "bank_houses_ratio": -0.314234626127956,
        "bank_hotels_ratio": 0.2600296270240381,
        "positional_threat_others": 0.3946561197289553,
        "house_scarcity": -0.225121237862818,
        "hotel_scarcity": 0.0789862159089298,
        "denial_value": -0.34769780588086285,
        "opponent_cash_pressure": -0.03261995469086969
      },
      "late": {
        "bias": -0.7301734961926563,
        "roi": 0.8747182537839682,
        "rent_delta": 0.8697525901984928,
        "group_strength": 0.41466230360926276,
        "group_heat": -0.35208566235372485,
        "group_heat_vs_base": 0.7666293400445041,
        "cell_heat": -0.17741338332195566,
        "landing_prob_group": 0.7950275804522292,
        "jail_exit_heat_group": -0.890205757655854,
        "cash_after_build": 0.39074907247417445,
        "enemy_threat": -0.19770590200284588,
        "level_norm": 0.13897163268610888,
        "to_hotel": 0.0875549792385709,
        "target_three": 0.9271799740807352,
        "has_monopoly": 0.8643441262650937,
        "bank_houses_ratio": 0.6920070545967276,
        "bank_hotels_ratio": 0.034955599918312374,
        "positional_threat_others": 0.22409870752171993,
        "house_scarcity": 0.3585271167790285,
        "hotel_scarcity": -0.4416897905122468,
        "denial_value": -0.5914043728432605,
        "opponent_cash_pressure": -0.11894515916159268
      }
    },
    "mortgage": {
      "early": {
        "bias": 0.7275211676482684,
        "asset_value": -1.000438508472146,
        "low_value": 1.556114915231177,
        "breaks_monopoly": -1.5284392077195759,
        "has_buildings": -1.604535668019782,
        "group_heat": 0.33285242612806704,
        "group_heat_vs_base": 0.5881812685117817,
        "cell_heat": 0.14629059562805422,
        "landing_prob_group": 0.3299085174326822,
        "jail_exit_heat_group": 0.3312441971057222,
        "is_railroad": -0.5468788875200827,
        "is_utility": 0.3004675762574531,
        "cash_needed": 0.7787423290843609,
        "action_sell_building": 0.7060578408483068,
        "action_mortgage": 0.30839649569224964,
        "positional_threat_self": -1.1723942426918963
      },
      "mid": {
        "bias": 0.14440786967921793,
        "asset_value": -0.23571827156313296,
        "low_value": 0.9440711213531139,
        "breaks_monopoly": -1.1064462264903727,
        "has_buildings": -0.89774432555053,
        "group_heat": 0.02238855388504613,
        "group_heat_vs_base": 0.010643664934076163,
        "cell_heat": -0.14619771679483756,
        "landing_prob_group": -0.5233431579991993,
        "jail_exit_heat_group": -0.30942176150080136,
        "is_railroad": -0.30673894448468086,