{
  "cash_buffer_base": 19,
  "cash_buffer_per_house": 26,
  "max_bid_fraction": 0.3850263978607915,
  "trade_card_value": 50,
  "weights": {
    "auction": {
      "early": {
        "bias": 1.3761404701496442,
        "base_value": 0.3758671096374345,
        "group_strength": -0.565120831358846,
        "group_heat": 0.1616106232753343,
        "group_heat_vs_base": 0.9145086510484933,
        "cell_heat": -0.028080181543582716,
        "landing_prob_group": -0.18734733313683258,
        "jail_exit_heat_group": -0.14912348207864667,
        "completes_monopoly": 1.287613418971493,
        "blocks_opponent_monopoly": 1.2043020283551942,
        "cash_after_bid": 0.4344087319155169,
        "liquidity_ratio": 0.31130348950529535,
        "risk_of_ruin": 0.37490435520365484,
        "is_street": 0.24531256642211463,
        "is_railroad": 0.8341147330216458,
        "is_utility": -0.32511459968406764,
        "owned_in_group": 0.865001860305435,
        "positional_threat_self": 0.21456252766261635,
        "positional_threat_others": 0.21606302594420265,
        "railroad_synergy": -1.354340476262013,
        "utility_synergy": 0.15744217214897502,
        "opponent_cash_min_norm": -0.7912953334593131,
        "opponent_cash_pressure": 0.23855798920925753
      },
      "mid": {
        "bias": -0.4631859209748944,
        "base_value": 0.35832155517991326,
        "group_strength": 0.7992033635899165,
        "group_heat": 0.7594043212021608,
        "group_heat_vs_base": 0.3302412312705194,
        "cell_heat": -0.029792604111282723,
        "landing_prob_group": -0.2979702565292853,
        "jail_exit_heat_group": 0.9278382578055143,
        "completes_monopoly": 1.4562669948314602,
        "blocks_opponent_monopoly": 0.06905393422676365,
        "cash_after_bid": 1.3580166255414592,
        "liquidity_ratio": 0.3629581894512704,
        "risk_of_ruin": -1.0182066318637826,
        "is_street": 0.25720813297981154,
        "is_railroad": -0.021161185864891435,
        "is_utility": 0.27873872958683094,
        "owned_in_group": -0.24648710198903448,
        "positional_threat_self": 0.04193929999825596,
        "positional_threat_others": -0.577927284291538,
        "railroad_synergy": 0.16017195316928168,
        "utility_synergy": -0.09465674081529053,
        "opponent_cash_min_norm": -0.14851186026855207,
        "opponent_cash_pressure": 0.10265422402246267
      },
      "late": {
        "bias": 0.6627074917990686,
        "base_value": 1.1101426065714874,
        "group_strength": 0.37454409122360544,
        "group_heat": -0.499994255647368,
        "group_heat_vs_base": -0.6807156040157538,
        "cell_heat": -0.6124230772220052,
        "landing_prob_group": -0.500231939139607,
        "jail_exit_heat_group": 0.44714988471704775,
        "completes_monopoly": 0.8259068414739935,
        "blocks_opponent_monopoly": 0.9521168125651716,
        "cash_after_bid": 1.1364745818841502,
        "liquidity_ratio": 0.6220656143772919,
        "risk_of_ruin": -1.2081573916618051,
        "is_street": 0.37362846279688217,
        "is_railroad": -0.17965927627243247,
        "is_utility": 0.36693373377014726,
        "owned_in_group": 1.105931165996879,
        "positional_threat_self": -0.003028097601885181,
        "positional_threat_others": 1.6079517183912415,
        "railroad_synergy": -0.4374628538919252,
        "utility_synergy": 0.5389608167583411,
        "opponent_cash_min_norm": 0.4626587981125895,
        "opponent_cash_pressure": -1.3050494858874062
      }
    },
    "build": {
      "early": {
        "bias": 0.23954847972196677,
        "roi": 0.35247128142747924,
        "rent_delta": -0.06189022875310633,
        "group_strength": 0.027484006447702977,
        "group_heat": 0.29228562988270296,
        "group_heat_vs_base": -0.3511102841685664,
        "cell_heat": 0.2606496886765557,
        "landing_prob_group": 0.668829334627372,
        "jail_exit_heat_group": -0.6489101991902769,
        "cash_after_build": 0.3146975253444279,
        "enemy_threat": 0.3237672444669457,
        "level_norm": 0.42862004336059434,
        "to_hotel": 0.3087437162114233,
        "target_three": -0.2593496355902982,
        "has_monopoly": -0.022412904462078533,
        "bank_houses_ratio": 0.42001766897184944,
        "bank_hotels_ratio": 0.5361682854266121,
        "positional_threat_others": -0.07346214238468335,
        "house_scarcity": -0.480673507772918,
        "hotel_scarcity": -0.05595944965614759,
        "denial_value": -0.6419616619689389,
        "opponent_cash_pressure": 0.49279056959394
      },
      "mid": {
        "bias": -0.16661283907595917,
        "roi": 1.1112939087174514,
        "rent_delta": -0.15605693284482733,
        "group_strength": 0.4606555936888757,
        "group_heat": 0.5702816693886301,
        "group_heat_vs_base": -0.6872879255252643,
        "cell_heat": 0.03871944784121113,
        "landing_prob_group": -0.19404450323913386,
        "jail_exit_heat_group": 0.02144189083766411,
        "cash_after_build": 1.11414564043239,
        "enemy_threat": -0.9183946740444753,
        "level_norm": 0.3422534171092665,
        "to_hotel": 0.0707900447945245,
        "target_three": 1.122376140728689,
        "has_monopoly": 1.5351877998297752,
        "bank_houses_ratio": 0.1747962469295524,
        "bank_hotels_ratio": 0.15528171511368855,
        "positional_threat_others": -0.0469726854482412,
        "house_scarcity": -0.4690622196580851,
        "hotel_scarcity": -0.17996855579852025,
        "denial_value": 0.15900739825479024,
        "opponent_cash_pressure": -0.5257772856995014
      },
      "late": {
        "bias": -0.6260736088633817,
        "roi": 1.1374904059936628,
        "rent_delta": 0.7579893107879678,
        "group_strength": 0.9511414909275113,
        "group_heat": 0.011421641091870539,
        "group_heat_vs_base": -0.28487026171400537,
        "cell_heat": -0.39939400371141287,
        "landing_prob_group": -0.11351752807525198,
        "jail_exit_heat_group": 0.5762379474606959,
        "cash_after_build": -0.5156827067174701,
        "enemy_threat": 0.2907362396203089,
        "level_norm": 0.12303135174858337,
        "to_hotel": 0.45632546586293704,
        "target_three": 0.42240476675306265,
        "has_monopoly": 0.6722223720707303,
        "bank_houses_ratio": 0.816592573704992,
        "bank_hotels_ratio": 0.9277933830080651,
        "positional_threat_others": 0.10302862334544183,
        "house_scarcity": -0.49430460742986976,
        "hotel_scarcity": -0.05063073590882089,
        "denial_value": -0.3094859067330796,
        "opponent_cash_pressure": 0.3095601155499336
      }
    },
    "mortgage": {
      "early": {
        "bias": 0.0600203421061152,
        "asset_value": -0.3546457836811493,
        "low_value": 0.5157386302837006,
        "breaks_monopoly": -1.7319874978076522,
        "has_buildings": -0.4629195062374699,
        "group_heat": 0.5148744899964521,
        "group_heat_vs_base": -0.7551420524475176,
        "cell_heat": 0.03663362482984783,
        "landing_prob_group": -1.424772459551095,
        "jail_exit_heat_group": 0.31644575020316834,
        "is_railroad": 0.9827231499428943,
        "is_utility": -0.344532043840129,
        "cash_needed": 0.3405528124411549,
        "action_sell_building": 0.8731928154373961,
        "action_mortgage": -0.3805759968321625,
        "positional_threat_self": 0.6609212331722509
      },
      "mid": {
        "bias": -0.6042296015053201,
        "asset_value": -0.7369458045066444,
        "low_value": 0.9208101867776649,
        "breaks_monopoly": -0.43353008559440176,
        "has_buildings": -1.1721617557008202,
        "group_heat": 0.7715521039804466,
        "group_heat_vs_base": 0.7485533893215115,
        "cell_heat": 0.680186444978895,
        "landing_prob_group": 1.265910642974044,
        "jail_exit_heat_group": 0.09854859443959205,
        "is_railroad": 0.860828642228705,