{
  "cash_buffer_base": 131,
  "cash_buffer_per_house": 33,
  "max_bid_fraction": 0.9780743778538961,
  "trade_card_value": 50,
  "weights": {
    "auction": {
      "early": {
        "bias": -0.2754667303205352,
        "base_value": 1.6007295398516317,
        "group_strength": 0.877949291215403,
        "group_heat": 0.18264102950256683,
        "group_heat_vs_base": -0.1997728216970186,
        "cell_heat": -0.2638664713015017,
        "landing_prob_group": -0.20945586812034198,
        "jail_exit_heat_group": -0.060158846529852,
        "completes_monopoly": 0.980282589897643,
        "blocks_opponent_monopoly": 0.888113881965814,
        "cash_after_bid": 0.2030739099028704,
        "liquidity_ratio": 0.6719478804216285,
        "risk_of_ruin": -1.5441159569612537,
        "is_street": -0.02536759101414704,
        "is_railroad": 0.5922225232062026,
        "is_utility": -0.5070012555984474,
        "owned_in_group": 0.18963587421787476,
        "positional_threat_self": 0.2437133912925894,
        "positional_threat_others": 0.025595862237609242,
        "railroad_synergy": -0.12656083111608923,
        "utility_synergy": 0.8659190000357828,
        "opponent_cash_min_norm": 0.016572023362497537,
        "opponent_cash_pressure": -0.3188732340165409
      },
      "mid": {
        "bias": -0.22690022958789574,
        "base_value": 0.3520046275385955,
        "group_strength": 0.7122084207449617,
        "group_heat": 0.126797997934825,
        "group_heat_vs_base": 0.47653313578333145,
        "cell_heat": -0.1076464748471872,
        "landing_prob_group": 0.05712517973657717,
        "jail_exit_heat_group": -0.17297701897639356,
        "completes_monopoly": 0.9305094581690802,
        "blocks_opponent_monopoly": 0.3545960040281473,
        "cash_after_bid": 0.8193981943210573,
        "liquidity_ratio": 0.6442431606278555,
        "risk_of_ruin": -0.9657854257484001,
        "is_street": -0.4550831504826449,
        "is_railroad": 0.28406777195637983,
        "is_utility": 0.2743438611697522,
        "owned_in_group": 1.175784199890391,
        "positional_threat_self": -0.4859976320790116,
        "positional_threat_others": 0.35867773562893235,
        "railroad_synergy": 0.11485634439942281,
        "utility_synergy": 0.15138811171714261,
        "opponent_cash_min_norm": 0.23103050125381594,
        "opponent_cash_pressure": 0.2150348663983408
      },
      "late": {
        "bias": -0.39715904691876436,
        "base_value": 0.43595127610670975,
        "group_strength": 1.1771418486009755,
        "group_heat": -0.13545547804890376,
        "group_heat_vs_base": -0.4913082613138976,
        "cell_heat": 0.0006100350310440372,
        "landing_prob_group": -0.11263897176177472,
        "jail_exit_heat_group": 0.14329151379209343,
        "completes_monopoly": 0.7492081165671391,
        "blocks_opponent_monopoly": 0.9915739565163408,
        "cash_after_bid": 0.9205922970453444,
        "liquidity_ratio": 0.5960565884322633,
        "risk_of_ruin": -1.656280127078836,
        "is_street": 0.22580616544586057,
        "is_railroad": 0.19346429170687202,
        "is_utility": 0.004490718076695396,
        "owned_in_group": 1.042956287069773,
        "positional_threat_self": 0.3286534614865315,
        "positional_threat_others": 0.3440984237595764,
        "railroad_synergy": 0.26471651675447105,
        "utility_synergy": -0.14904469338063914,
        "opponent_cash_min_norm": -0.31244919303883784,
        "opponent_cash_pressure": 0.783716439278989
      }
    },
    "build": {
      "early": {
        "bias": -0.10557376143288982,
        "roi": 1.5774068499984704,
        "rent_delta": 0.13450630609463604,
        "group_strength": -0.24915739646879304,
        "group_heat": -0.3135191647900121,
        "group_heat_vs_base": 0.10743817321901762,
        "cell_heat": 0.2078020838993959,
        "landing_prob_group": -0.10174015315762654,
        "jail_exit_heat_group": -0.4266476101561115,
        "cash_after_build": 0.707349170810634,
        "enemy_threat": 0.16088063941568032,
        "level_norm": -0.03999028931387284,
        "to_hotel": 0.041540590034154404,
        "target_three": 0.20088973145005803,
        "has_monopoly": 0.9486968383903136,
        "bank_houses_ratio": 0.3436358905209102,
        "bank_hotels_ratio": 0.24246397213572146,
        "positional_threat_others": 0.21209344442390007,
        "house_scarcity": 0.22843803716303804,
        "hotel_scarcity": 0.34800001498463307,
        "denial_value": -0.6343557114389999,
        "opponent_cash_pressure": 0.8589120962186789
      },
      "mid": {
        "bias": -0.38710294755422525,
        "roi": 1.0850808550702855,
        "rent_delta": 0.6417819198888315,
        "group_strength": 0.37596232895891213,
        "group_heat": -0.08251157189619307,
        "group_heat_vs_base": -0.43808233347708037,
        "cell_heat": -0.574403805336437,
        "landing_prob_group": -0.22387618279814642,
        "jail_exit_heat_group": 0.16762696481466208,
        "cash_after_build": 1.507627233322058,
        "enemy_threat": -0.5151827790282025,
        "level_norm": 0.10584570632741536,
        "to_hotel": 0.2765362569117005,
        "target_three": 0.795499758498266,
        "has_monopoly": -0.11702803475249524,
        "bank_houses_ratio": 0.5599617314949352,
        "bank_hotels_ratio": 0.725305180484025,
        "positional_threat_others": 0.3452263079250284,
        "house_scarcity": -0.4718814904499634,
        "hotel_scarcity": 0.20815840986459644,
        "denial_value": -0.35412784350613735,
        "opponent_cash_pressure": 1.0559388052600684
      },
      "late": {
        "bias": -0.05634904494876308,
        "roi": 1.4996215808340838,
        "rent_delta": 0.0023041733054631197,
        "group_strength": 0.8037573119609545,
        "group_heat": -0.21125314934686806,
        "group_heat_vs_base": 0.05173430846319826,
        "cell_heat": 0.6741936057356184,
        "landing_prob_group": -0.550094632955739,
        "jail_exit_heat_group": -0.5023452822094403,
        "cash_after_build": 1.1032338162445692,
        "enemy_threat": -0.3379466259502205,
        "level_norm": -1.108540247480354,
        "to_hotel": 0.08427619047969837,
        "target_three": 0.5325342584436311,
        "has_monopoly": 0.8793032342105769,
        "bank_houses_ratio": 0.27661538138136366,
        "bank_hotels_ratio": 0.6155923892388389,
        "positional_threat_others": -0.1507658731534937,
        "house_scarcity": 0.10366964454864455,
        "hotel_scarcity": -0.4993767360759669,
        "denial_value": 0.3843966574272925,
        "opponent_cash_pressure": -0.17449780064015036
      }
    },
    "mortgage": {
      "early": {
        "bias": -0.05251474795389022,
        "asset_value": -0.6136474169502549,
        "low_value": 1.6537925234307804,
        "breaks_monopoly": -1.3792102300153748,
        "has_buildings": -0.7357222438276334,
        "group_heat": 0.14404199216633481,
        "group_heat_vs_base": -0.09859718112261047,
        "cell_heat": 0.12067346490276692,
        "landing_prob_group": 1.042808983929933,
        "jail_exit_heat_group": 0.20526608810504282,
        "is_railroad": -0.2646658331723368,
        "is_utility": 0.15841819796901574,
        "cash_needed": 0.8801683065428854,
        "action_sell_building": 0.6645711795778466,
        "action_mortgage": 0.6548476983791955,
        "positional_threat_self": -0.1357529076714222
      },
      "mid": {
        "bias": 1.0997316070158936,
        "asset_value": -0.6397154976137267,
        "low_value": 1.202929792840672,
        "breaks_monopoly": -1.2164803864432128,
        "has_buildings": -0.7054415277013819,
        "group_heat": 0.3377307273499303,
        "group_heat_vs_base": 0.12848528159063208,
        "cell_heat": -0.0073626480967588954,
        "landing_prob_group": -0.05572667258581379,
        "jail_exit_heat_group": -0.3771819113514922,
        "is_railroad": 0.7865258094786418,