{
  "cash_buffer_base": 214,
  "cash_buffer_per_house": 13,
  "max_bid_fraction": 0.728856394790317,
  "trade_card_value": 50,
  "weights": {
    "auction": {
      "early": {
        "bias": -0.02114654064741344,
        "base_value": 0.9404508899011654,
        "group_strength": 0.9936410724894476,
        "group_heat": -0.02034625553060751,
        "group_heat_vs_base": -0.5622754492558062,
        "cell_heat": -0.14702023803656772,
        "landing_prob_group": -0.2572352222539587,
        "jail_exit_heat_group": -0.03217693768732756,
        "completes_monopoly": 0.3941071623948269,
        "blocks_opponent_monopoly": 0.636818583133743,
        "cash_after_bid": 0.9816322040985377,
        "liquidity_ratio": 1.1213870883595802,
        "risk_of_ruin": -0.4154270571129153,
        "is_street": 0.08331158120416376,
        "is_railroad": 0.3089039107356228,
        "is_utility": 0.16763238960583782,
        "owned_in_group": 1.0557029834980587,
        "positional_threat_self": 0.14644117811071058,
        "positional_threat_others": 0.06282161415061926,
        "railroad_synergy": 1.7514545297919184,
        "utility_synergy": 0.17852015484864034,
        "opponent_cash_min_norm": 0.10214969333608635,
        "opponent_cash_pressure": 0.1473094146256909
      },
      "mid": {
        "bias": 0.031839934307534054,
        "base_value": 0.684759641162964,
        "group_strength": 1.0219600017074248,
        "group_heat": 0.30582052417379707,
        "group_heat_vs_base": -0.05092575803486057,
        "cell_heat": -0.6283561546269761,
        "landing_prob_group": -0.31912851606518194,
        "jail_exit_heat_group": -0.28519295444327736,
        "completes_monopoly": 1.0409844209776575,
        "blocks_opponent_monopoly": 0.1400091528932548,
        "cash_after_bid": 1.2220791824483017,
        "liquidity_ratio": 0.1805948256826015,
        "risk_of_ruin": -1.1367689438505637,
        "is_street": 0.7987302860896275,
        "is_railroad": 0.6029933681217317,
        "is_utility": 0.8496380556806133,
        "owned_in_group": -0.016690426581885603,
        "positional_threat_self": -0.2234944000397547,
        "positional_threat_others": -1.6696133689405812,
        "railroad_synergy": -0.40413162526740176,
        "utility_synergy": 0.043729982198723885,
        "opponent_cash_min_norm": -0.27924617495855336,
        "opponent_cash_pressure": 0.08337797654963447
      },
      "late": {
        "bias": -0.11904059071089541,
        "base_value": 0.594007614342315,
        "group_strength": 0.03232390742901952,
        "group_heat": -0.04868950084739841,
        "group_heat_vs_base": 0.5510545985436208,
        "cell_heat": 0.9521785136436963,
        "landing_prob_group": -0.5811972895686035,
        "jail_exit_heat_group": 0.16372555677306172,
        "completes_monopoly": 0.7274490477536483,
        "blocks_opponent_monopoly": 0.6322444467515839,
        "cash_after_bid": 0.5718401908759656,
        "liquidity_ratio": 0.3250048619487554,
        "risk_of_ruin": -1.2167404216051214,
        "is_street": 0.2924494720161903,
        "is_railroad": -0.03599412669325815,
        "is_utility": 0.050342128772109536,
        "owned_in_group": 1.0502971287073624,
        "positional_threat_self": -0.26456318061395817,
        "positional_threat_others": 0.09622303387225256,
        "railroad_synergy": 0.03295870177945051,
        "utility_synergy": -0.8489564881880631,
        "opponent_cash_min_norm": 0.11213881976090494,
        "opponent_cash_pressure": 0.17637076626335868
      }
    },
    "build": {
      "early": {
        "bias": -0.09594820240483798,
        "roi": 0.573057038889743,
        "rent_delta": 0.8665394776255928,
        "group_strength": 0.659270217426742,
        "group_heat": 0.16709658847829817,
        "group_heat_vs_base": -0.3265959970304381,
        "cell_heat": 0.22728658905765473,
        "landing_prob_group": 0.40620249438069583,
        "jail_exit_heat_group": -0.21736357355309108,
        "cash_after_build": 1.5293717353109106,
        "enemy_threat": -0.26717557358275207,
        "level_norm": -0.964773451352571,
        "to_hotel": 0.44313946197455045,
        "target_three": 0.5293255274774458,
        "has_monopoly": 0.4212853299528247,
        "bank_houses_ratio": -0.23655296613060658,
        "bank_hotels_ratio": 0.524393012898869,
        "positional_threat_others": 0.0983240013682021,
        "house_scarcity": 0.47298868272767586,
        "hotel_scarcity": -0.5057339013926687,
        "denial_value": 0.10292768384580622,
        "opponent_cash_pressure": 0.2020197967603708
      },
      "mid": {
        "bias": 0.41456297813522136,
        "roi": 1.310588749230887,
        "rent_delta": 0.22734900701399116,
        "group_strength": -0.9291402418970768,
        "group_heat": -0.37461378848320703,
        "group_heat_vs_base": 0.1645321411829655,
        "cell_heat": -0.025969644070158043,
        "landing_prob_group": 0.7271545839148682,
        "jail_exit_heat_group": -0.17434195895582086,
        "cash_after_build": 0.18576970730050793,
        "enemy_threat": 0.34980117867169414,
        "level_norm": 0.01043178211792315,
        "to_hotel": 0.43595616570580836,
        "target_three": 0.7290885836803962,
        "has_monopoly": 0.8345661654964268,
        "bank_houses_ratio": 0.7894200522085457,
        "bank_hotels_ratio": 0.1346317434673129,
        "positional_threat_others": 0.08986273897450106,
        "house_scarcity": -0.4865461359838549,
        "hotel_scarcity": 0.8143234968370576,
        "denial_value": 0.7133756014685868,
        "opponent_cash_pressure": 0.5599408410958014
      },
      "late": {
        "bias": 0.21156121696046346,
        "roi": 1.0810583115429977,
        "rent_delta": 0.35720516366470595,
        "group_strength": 0.7735820293743334,
        "group_heat": 0.15409938368297185,
        "group_heat_vs_base": 0.15757103994912702,
        "cell_heat": 0.216840992006604,
        "landing_prob_group": -0.04492620105284494,
        "jail_exit_heat_group": 0.47889954880764685,
        "cash_after_build": 0.6227200806013429,
        "enemy_threat": -1.2024153565844502,
        "level_norm": 0.21713466969194456,
        "to_hotel": 0.3976842320795254,
        "target_three": 0.7302664710833633,
        "has_monopoly": 0.6087689689615348,
        "bank_houses_ratio": -0.5870788619259593,
        "bank_hotels_ratio": 0.3605489141963628,
        "positional_threat_others": 0.7188901921338947,
        "house_scarcity": -0.025229806576644587,
        "hotel_scarcity": 0.43974054117517514,
        "denial_value": 0.29563152482962807,
        "opponent_cash_pressure": -0.2659862018532618
      }
    },
    "mortgage": {
      "early": {
        "bias": 0.13802612608450443,
        "asset_value": -0.6550816828584289,
        "low_value": 1.1947079100693854,
        "breaks_monopoly": -1.8153616358373554,
        "has_buildings": -0.502561148156681,
        "group_heat": -0.30981625173689104,
        "group_heat_vs_base": -0.02227471609315597,
        "cell_heat": -0.7886441204022162,
        "landing_prob_group": -0.20428401871251742,
        "jail_exit_heat_group": 0.2660545020968822,
        "is_railroad": -0.12185374435763166,
        "is_utility": -0.38891547882597083,
        "cash_needed": 0.011808223942926778,
        "action_sell_building": 0.92909032441526,
        "action_mortgage": 0.2082812223801228,
        "positional_threat_self": 0.3170749187633378
      },
      "mid": {
        "bias": -0.530125419035028,
        "asset_value": -0.08789956072332437,
        "low_value": 1.1303786742889155,
        "breaks_monopoly": -1.05429167095301,
        "has_buildings": -1.1958027861926048,
        "group_heat": 0.2518764645746331,
        "group_heat_vs_base": 0.11644173484637496,
        "cell_heat": -0.9056632050480571,
        "landing_prob_group": 0.06340852128169909,
        "jail_exit_heat_group": -0.19267432781983557,
        "is_railroad": 0.1408760176177107,