{
  "cash_buffer_base": 216,
  "cash_buffer_per_house": 54,
  "max_bid_fraction": 0.3566596301453985,
  "trade_card_value": 50,
  "weights": {
    "auction": {
      "early": {
        "bias": -0.03447888390681267,
        "base_value": 1.0177654722200176,
        "group_strength": 0.5895822430045092,
        "group_heat": 0.4104073342816339,
        "group_heat_vs_base": -0.646162526032907,
        "cell_heat": 0.08798389208189833,
        "landing_prob_group": -0.3470955197002385,
        "jail_exit_heat_group": -0.35757818266010166,
        "completes_monopoly": 0.9078937209909336,
        "blocks_opponent_monopoly": 1.464295905533942,
        "cash_after_bid": 0.24234579173280024,
        "liquidity_ratio": 0.3928854303055806,
        "risk_of_ruin": -1.8192473057885419,
        "is_street": 0.15547238958094306,
        "is_railroad": 0.24178255776478222,
        "is_utility": 0.29728394235696176,
        "owned_in_group": 0.4882721112261584,
        "positional_threat_self": 0.24127163386942244,
        "positional_threat_others": 0.00617689288328533,
        "railroad_synergy": -0.7075349139780778,
        "utility_synergy": -0.015224573922754357,
        "opponent_cash_min_norm": 0.32562530849183474,
        "opponent_cash_pressure": -0.10203048089483327
      },
      "mid": {
        "bias": 0.16042928854734867,
        "base_value": 0.557014602645339,
        "group_strength": 0.012983633967896556,
        "group_heat": 0.19117060289009508,
        "group_heat_vs_base": -0.5741190297499983,
        "cell_heat": -0.48681520679227747,
        "landing_prob_group": 0.21666604810890575,
        "jail_exit_heat_group": -0.23798231023229216,
        "completes_monopoly": 0.8901474971456227,
        "blocks_opponent_monopoly": 0.4183627365186933,
        "cash_after_bid": 1.2502272525804494,
        "liquidity_ratio": 0.1485296382909823,
        "risk_of_ruin": -1.3901030974498592,
        "is_street": 0.45956929725724815,
        "is_railroad": -0.35997494006213426,
        "is_utility": -0.2245116864303825,
        "owned_in_group": 0.5057657923171127,
        "positional_threat_self": 0.23634065555518652,
        "positional_threat_others": -0.3307657540454495,
        "railroad_synergy": -0.43019433170470334,
        "utility_synergy": 0.1001150891840748,
        "opponent_cash_min_norm": -0.1687724462638186,
        "opponent_cash_pressure": 0.5508992739429517
      },
      "late": {
        "bias": -0.20660442582655786,
        "base_value": 1.1854629816516953,
        "group_strength": 0.7947404222933383,
        "group_heat": 0.650318869320891,
        "group_heat_vs_base": 0.14890553863642886,
        "cell_heat": -0.6725580707307657,
        "landing_prob_group": -0.25013071617123334,
        "jail_exit_heat_group": -0.2356079002878751,
        "completes_monopoly": 1.02702998105582,
        "blocks_opponent_monopoly": 0.22834585734647722,
        "cash_after_bid": 0.30585713315080243,
        "liquidity_ratio": 0.49803090211823275,
        "risk_of_ruin": -1.865603190351892,
        "is_street": -0.18150351866951556,
        "is_railroad": 0.20674184212815166,
        "is_utility": -0.21098372987690805,
        "owned_in_group": 0.875466471215582,
        "positional_threat_self": -0.9910628559674303,
        "positional_threat_others": 1.2435663590565367,
        "railroad_synergy": 0.34695186690316715,
        "utility_synergy": 0.39036892665107226,
        "opponent_cash_min_norm": 0.08370099759216931,
        "opponent_cash_pressure": 0.3377055965089151
      }
    },
    "build": {
      "early": {
        "bias": -0.49050233376487495,
        "roi": 0.9846031414666858,
        "rent_delta": 0.4009269410730049,
        "group_strength": 0.34835501399050084,
        "group_heat": 0.06102974962066257,
        "group_heat_vs_base": 0.06201728576997279,
        "cell_heat": -0.47569127974387376,
        "landing_prob_group": 0.1193309324495606,
        "jail_exit_heat_group": 0.3705969309790121,
        "cash_after_build": -0.08798958232245974,
        "enemy_threat": -0.44144803276599265,
        "level_norm": -0.13637554174180389,
        "to_hotel": 0.09499891545476,
        "target_three": 0.09217839733009837,
        "has_monopoly": 0.6856011994118065,
        "bank_houses_ratio": -0.15754618745456234,
        "bank_hotels_ratio": 0.0614666235029904,
        "positional_threat_others": -1.154374955212374,
        "house_scarcity": -0.38923931421785785,
        "hotel_scarcity": -0.33255087323746546,
        "denial_value": -0.14247722159906845,
        "opponent_cash_pressure": 0.5750237173418472
      },
      "mid": {
        "bias": -0.24855773146687254,
        "roi": 0.9995406392473272,
        "rent_delta": 0.9609857301575855,
        "group_strength": 0.6808402082882319,
        "group_heat": -0.24939362582579302,
        "group_heat_vs_base": -0.18727626671441594,
        "cell_heat": 0.18578328014712842,
        "landing_prob_group": 0.38884397469511667,
        "jail_exit_heat_group": 0.3072976350936839,
        "cash_after_build": 0.6479470250846611,
        "enemy_threat": -0.4173744405774093,
        "level_norm": -0.5966286673173852,
        "to_hotel": -0.9889752866279886,
        "target_three": 0.06349769838886456,
        "has_monopoly": 2.0235310526784103,
        "bank_houses_ratio": -0.17261681445123653,
        "bank_hotels_ratio": 0.1453514717217905,
        "positional_threat_others": -0.18962033728464223,
        "house_scarcity": -0.16148436683862133,
        "hotel_scarcity": -0.23149927034261059,
        "denial_value": -0.6644362800833215,
        "opponent_cash_pressure": -0.2905949407830275
      },
      "late": {
        "bias": -0.3243341724798794,
        "roi": 0.7257796578614912,
        "rent_delta": -0.8191843360411336,
        "group_strength": 0.9973903342063486,
        "group_heat": 0.36209993668451274,
        "group_heat_vs_base": -0.027662044339473755,
        "cell_heat": -0.9937259190936703,
        "landing_prob_group": -0.12464946805911525,
        "jail_exit_heat_group": -0.6071599871867394,
        "cash_after_build": 1.4341125641458103,
        "enemy_threat": 0.11890979658584967,
        "level_norm": -0.5314716743166159,
        "to_hotel": 0.7132093870404015,
        "target_three": 0.34730014037413864,
        "has_monopoly": 0.8185032094231239,
        "bank_houses_ratio": 0.5177577479183958,
        "bank_hotels_ratio": 0.22412379137215135,
        "positional_threat_others": -0.5880452700863711,
        "house_scarcity": 0.22301476530253023,
        "hotel_scarcity": 0.2375818546295786,
        "denial_value": 0.031637950884861425,
        "opponent_cash_pressure": -0.8186422710330918
      }
    },
    "mortgage": {
      "early": {
        "bias": 0.6084831007506599,
        "asset_value": -0.8251177973679638,
        "low_value": 0.5777921447594224,
        "breaks_monopoly": -1.4644035360552108,
        "has_buildings": -1.1509832990776983,
        "group_heat": 0.5362016471208794,
        "group_heat_vs_base": 0.053075938696717465,
        "cell_heat": 0.02002646240910272,
        "landing_prob_group": 0.03488765240729115,
        "jail_exit_heat_group": -0.11346323137935357,
        "is_railroad": 0.13227397674904068,
        "is_utility": 0.006079390963039923,
        "cash_needed": 0.6601036960115674,
        "action_sell_building": 0.4009579456314213,
        "action_mortgage": 0.24109381989521944,
        "positional_threat_self": -0.1419801204170047
      },
      "mid": {
        "bias": 0.2537514882638077,
        "asset_value": -0.8965001234776375,
        "low_value": 0.6832405722310864,
        "breaks_monopoly": -0.760972168960434,
        "has_buildings": -0.8856177506316985,
        "group_heat": -0.0761343478245611,
        "group_heat_vs_base": 0.0165491349257698,
        "cell_heat": -0.6193885790773878,
        "landing_prob_group": 0.170147727269672,
        "jail_exit_heat_group": -0.4709719434502318,
        "is_railroad": 0.13225984241294472,