{
  "cash_buffer_base": 136,
  "cash_buffer_per_house": 54,
  "max_bid_fraction": 0.2,
  "trade_card_value": 50,
  "weights": {
    "auction": {
      "early": {
        "bias": -0.05977123504554042,
        "base_value": 0.5729582282437806,
        "group_strength": 0.08600360910914188,
        "group_heat": -0.607532099912982,
        "group_heat_vs_base": 0.4326928613323596,
        "cell_heat": 0.6010967728358209,
        "landing_prob_group": -0.2035512118930957,
        "jail_exit_heat_group": 0.07874376260499488,
        "completes_monopoly": 0.38710218077348657,
        "blocks_opponent_monopoly": 1.023971303166798,
        "cash_after_bid": 0.8723672399019715,
        "liquidity_ratio": 1.0624003740448038,
        "risk_of_ruin": -0.023457445968909228,
        "is_street": 0.04154876738867175,
        "is_railroad": 0.14908108633744335,
        "is_utility": 0.18231386143369488,
        "owned_in_group": 0.1636273218719733,
        "positional_threat_self": -0.785642120261461,
        "positional_threat_others": -0.21490967146223933,
        "railroad_synergy": 0.37293744365345366,
        "utility_synergy": 0.06942164702181139,
        "opponent_cash_min_norm": 0.05530666292139705,
        "opponent_cash_pressure": -0.039259117138474776
      },
      "mid": {
        "bias": -0.47282163770975877,
        "base_value": 2.212967887534525,
        "group_strength": 1.1736670674532184,
        "group_heat": 0.0039010518037158604,
        "group_heat_vs_base": 0.48852937123543544,
        "cell_heat": -0.21268908201989095,
        "landing_prob_group": -0.13903644989147457,
        "jail_exit_heat_group": -0.3146940761658855,
        "completes_monopoly": 0.6655852528334931,
        "blocks_opponent_monopoly": 0.30657493481102677,
        "cash_after_bid": 0.19541141867532086,
        "liquidity_ratio": 0.3564560452428467,
        "risk_of_ruin": -1.64852696345482,
        "is_street": 1.007395037303554,
        "is_railroad": -0.6630152576859901,
        "is_utility": 0.3457855169166648,
        "owned_in_group": 0.3612971566989024,
        "positional_threat_self": -0.1889499441092038,
        "positional_threat_others": -0.20468106095114416,
        "railroad_synergy": 0.8943327040562381,
        "utility_synergy": 0.39917720823911124,
        "opponent_cash_min_norm": 1.1838421279878284,
        "opponent_cash_pressure": 0.4797489918411488
      },
      "late": {
        "bias": 0.6853582846503501,
        "base_value": 0.726711080717993,
        "group_strength": 0.34704412787537925,
        "group_heat": 0.758748614786066,
        "group_heat_vs_base": 0.18083007833008097,
        "cell_heat": -0.7624053093312936,
        "landing_prob_group": -0.9070972683527974,
        "jail_exit_heat_group": 0.30669208192329817,
        "completes_monopoly": 0.24617729289311943,
        "blocks_opponent_monopoly": 0.7676236629848439,
        "cash_after_bid": -0.2535022048484218,
        "liquidity_ratio": 1.9887584376299738,
        "risk_of_ruin": -0.6668813871312467,
        "is_street": -0.7569143314134648,
        "is_railroad": 0.11502968797380157,
        "is_utility": -0.35658118726143645,
        "owned_in_group": -0.8224978309239123,
        "positional_threat_self": -1.4705807007456861,
        "positional_threat_others": 0.5767677660711401,
        "railroad_synergy": 0.21383013783540847,
        "utility_synergy": -0.1965803481230512,
        "opponent_cash_min_norm": -1.0717983754099705,
        "opponent_cash_pressure": 0.1052490022297807
      }
    },
    "build": {
      "early": {
        "bias": 0.26371789021977876,
        "roi": 1.3242656881482777,
        "rent_delta": 0.8942652049698259,
        "group_strength": -0.8366872521497477,
        "group_heat": 0.10184721303999436,
        "group_heat_vs_base": -0.22551736835298453,
        "cell_heat": -0.4038505032755866,
        "landing_prob_group": -0.22194324051591643,
        "jail_exit_heat_group": -0.4486019403852117,
        "cash_after_build": 0.9701620683732814,
        "enemy_threat": -0.17959615796603648,
        "level_norm": -0.1989294764695443,
        "to_hotel": -0.33225776261368595,
        "target_three": 0.3906926435762409,
        "has_monopoly": 1.6392923402416055,
        "bank_houses_ratio": 0.479697518598791,
        "bank_hotels_ratio": 2.2159579546698036,
        "positional_threat_others": -0.47154460968794853,
        "house_scarcity": -0.38221649881800923,
        "hotel_scarcity": -0.16843715038737403,
        "denial_value": 0.1654369044692846,
        "opponent_cash_pressure": 0.3478052402854245
      },
      "mid": {
        "bias": 0.1313559038071637,
        "roi": 1.0555237429135111,
        "rent_delta": -0.794236559644615,
        "group_strength": 0.7827322329666769,
        "group_heat": -0.744955361484775,
        "group_heat_vs_base": -1.1350708463519654,
        "cell_heat": 0.15117930245588446,
        "landing_prob_group": -0.5747540763282458,
        "jail_exit_heat_group": 0.26193112985784084,
        "cash_after_build": -0.41148438468413934,
        "enemy_threat": -0.26376371027234713,
        "level_norm": -1.9431874122862776,
        "to_hotel": -0.29970119339773443,
        "target_three": 1.0729456242256907,
        "has_monopoly": 0.8768864156883777,
        "bank_houses_ratio": -0.45252205355687874,
        "bank_hotels_ratio": 0.34985396558844045,
        "positional_threat_others": -0.4045628998290819,
        "house_scarcity": 0.30869394266072364,
        "hotel_scarcity": -0.03533022500513763,
        "denial_value": -0.7745948350119893,
        "opponent_cash_pressure": -0.2427916780357436
      },
      "late": {
        "bias": 0.025285974707196734,
        "roi": 1.6776366241146243,
        "rent_delta": 0.45151604359660363,
        "group_strength": 0.274291342273848,
        "group_heat": 0.6459304796894442,
        "group_heat_vs_base": 0.2742746583489526,
        "cell_heat": 0.03892226422078236,
        "landing_prob_group": -0.83244803117773,
        "jail_exit_heat_group": 0.052353566552003516,
        "cash_after_build": 0.3758068625665669,
        "enemy_threat": -1.12962704808901,
        "level_norm": 0.06175664874415007,
        "to_hotel": -0.48999517298326284,
        "target_three": 0.6817484467554414,
        "has_monopoly": 0.7472318566616718,
        "bank_houses_ratio": 0.8277003742115192,
        "bank_hotels_ratio": 0.7716381276456088,
        "positional_threat_others": -1.2896464583187,
        "house_scarcity": -0.689977684131443,
        "hotel_scarcity": -0.30538967955117713,
        "denial_value": 0.18922774463088093,
        "opponent_cash_pressure": 0.20560997193200328
      }
    },
    "mortgage": {
      "early": {
        "bias": -0.22477765962325494,
        "asset_value": 0.2597387950162095,
        "low_value": 1.4037348866909927,
        "breaks_monopoly": -1.9074058567825618,
        "has_buildings": -0.9948325544887736,
        "group_heat": -0.027199248130914375,
        "group_heat_vs_base": -0.48741337531669243,
        "cell_heat": -0.13366849303271952,
        "landing_prob_group": 0.253428899438051,
        "jail_exit_heat_group": -1.4022241239197324,
        "is_railroad": 0.19115517124310838,
        "is_utility": 0.40660751148362917,
        "cash_needed": 1.400013127541113,
        "action_sell_building": 0.19083592412135797,
        "action_mortgage": 0.3319217769198748,
        "positional_threat_self": -0.3226850180774508
      },
      "mid": {
        "bias": -0.47579287743876486,
        "asset_value": -1.7983532074906776,
        "low_value": 1.3689773319385945,
        "breaks_monopoly": -1.5049127603375612,
        "has_buildings": -0.9282890939777663,
        "group_heat": -0.10516923311197211,
        "group_heat_vs_base": -0.2174290038807043,
        "cell_heat": 0.4003887508646686,
        "landing_prob_group": -0.3731026244283091,
        "jail_exit_heat_group": -1.064930231212077,
        "is_railroad": 1.1986880382104903,