{
  "cash_buffer_base": 154,
  "cash_buffer_per_house": 25,
  "max_bid_fraction": 0.22831462034331676,
  "trade_card_value": 50,
  "weights": {
    "auction": {
      "early": {
        "bias": -0.3469835134833712,
        "base_value": 0.4109106305783473,
        "group_strength": 0.8146718436247945,
        "group_heat": 0.34974382718532915,
        "group_heat_vs_base": -0.526258354119977,
        "cell_heat": 0.6976208989592186,
        "landing_prob_group": -0.35436298021428153,
        "jail_exit_heat_group": 0.010364472087038556,
        "completes_monopoly": 1.1756251774545108,
        "blocks_opponent_monopoly": 0.28239538189852914,
        "cash_after_bid": 0.5232703289872216,
        "liquidity_ratio": 0.4921314631955015,
        "risk_of_ruin": -0.7283542920690401,
        "is_street": 0.699695142373085,
        "is_railroad": -0.21264800245667695,
        "is_utility": 0.05288007244283663,
        "owned_in_group": 1.1539230579403736,
        "positional_threat_self": 1.2783587430355416,
        "positional_threat_others": 0.163439471599815,
        "railroad_synergy": -0.19780462787794378,
        "utility_synergy": 0.05714985318653984,
        "opponent_cash_min_norm": 0.2690436422299594,
        "opponent_cash_pressure": -0.002035713032794692
      },
      "mid": {
        "bias": -0.4587551890355456,
        "base_value": 1.0310368835332866,
        "group_strength": 0.2426027468308618,
        "group_heat": -0.20988754071334326,
        "group_heat_vs_base": -0.16203326081479325,
        "cell_heat": -0.13385425254188021,
        "landing_prob_group": 0.13525437782199906,
        "jail_exit_heat_group": -0.17010937687519911,
        "completes_monopoly": 1.3763485145108545,
        "blocks_opponent_monopoly": -0.3341801937526362,
        "cash_after_bid": 0.8685495368897312,
        "liquidity_ratio": 0.9519448650445037,
        "risk_of_ruin": -1.1472706886613513,
        "is_street": -0.9677552387184604,
        "is_railroad": 0.1678572263686612,
        "is_utility": 0.07665886797409693,
        "owned_in_group": 1.1892308085176408,
        "positional_threat_self": 0.11565133817199344,
        "positional_threat_others": 0.2687466656910084,
        "railroad_synergy": -0.17394444767944242,
        "utility_synergy": -0.831524867200835,
        "opponent_cash_min_norm": -0.45141995450450834,
        "opponent_cash_pressure": -1.1837203139286823
      },
      "late": {
        "bias": 0.046489764324602,
        "base_value": 1.6634539160121518,
        "group_strength": 0.2613746747561282,
        "group_heat": -0.46998931024777124,
        "group_heat_vs_base": 0.0029920205911650177,
        "cell_heat": 0.18610865239228128,
        "landing_prob_group": 0.7447034367999413,
        "jail_exit_heat_group": -0.44541882240458164,
        "completes_monopoly": 0.6743731782627441,
        "blocks_opponent_monopoly": 0.8048535338383246,
        "cash_after_bid": 0.9031910939708648,
        "liquidity_ratio": -0.26497689206959874,
        "risk_of_ruin": -2.1337788482468225,
        "is_street": 0.15673003157681897,
        "is_railroad": 0.5507934841866764,
        "is_utility": -0.09056248128672256,
        "owned_in_group": 1.601881636255143,
        "positional_threat_self": -0.4516759305381415,
        "positional_threat_others": 0.06033179770322955,
        "railroad_synergy": -0.00984408575660739,
        "utility_synergy": -0.6462271875300962,
        "opponent_cash_min_norm": -0.1888900922036298,
        "opponent_cash_pressure": -0.3534637470635826
      }
    },
    "build": {
      "early": {
        "bias": -0.02927888479012332,
        "roi": 0.5924064840736882,
        "rent_delta": -0.2774785226466684,
        "group_strength": -0.3821898171249439,
        "group_heat": -0.1738627131991923,
        "group_heat_vs_base": -0.5814665035291791,
        "cell_heat": -0.20347373592183793,
        "landing_prob_group": 0.2191276414156369,
        "jail_exit_heat_group": 0.3437192519700228,
        "cash_after_build": 0.4535732123283537,
        "enemy_threat": -1.1036061634169394,
        "level_norm": -0.2642097914885888,
        "to_hotel": 0.10214056815132358,
        "target_three": 0.19881289007430894,
        "has_monopoly": 1.1435493020783736,
        "bank_houses_ratio": 0.07169769800671408,
        "bank_hotels_ratio": 0.14541876187612374,
        "positional_threat_others": -0.08051882828300916,
        "house_scarcity": 0.19385496807389457,
        "hotel_scarcity": 0.03668605615347094,
        "denial_value": 0.4301124902865183,
        "opponent_cash_pressure": 0.10231678896588518
      },
      "mid": {
        "bias": 0.24586683491724545,
        "roi": 1.1619464210521147,
        "rent_delta": 0.9076658772348337,
        "group_strength": 1.1027526847388907,
        "group_heat": 0.051212323264184914,
        "group_heat_vs_base": 0.5331551998318583,
        "cell_heat": 0.812705328729828,
        "landing_prob_group": 0.3109148544600109,
        "jail_exit_heat_group": -0.5547420991952217,
        "cash_after_build": 0.5756741109535147,
        "enemy_threat": -0.6354365156524697,
        "level_norm": -0.7372034297689581,
        "to_hotel": 0.4437509333773061,
        "target_three": 0.004156953123986146,
        "has_monopoly": 0.6334397697214622,
        "bank_houses_ratio": -0.3989998260151295,
        "bank_hotels_ratio": -0.0028114828808048498,
        "positional_threat_others": -0.18434412608052456,
        "house_scarcity": -0.13699991377397416,
        "hotel_scarcity": -0.6179082645791545,
        "denial_value": -0.7115829700142416,
        "opponent_cash_pressure": -0.10629636762493042
      },
      "late": {
        "bias": -0.07135325465278307,
        "roi": 1.447589301149203,
        "rent_delta": 0.5710394588646115,
        "group_strength": 0.7730022782207518,
        "group_heat": 0.05074868371482276,
        "group_heat_vs_base": 0.007769334309531056,
        "cell_heat": 0.3673733405914675,
        "landing_prob_group": -0.053944641913567654,
        "jail_exit_heat_group": -0.19797005160410572,
        "cash_after_build": 1.2603502404598237,
        "enemy_threat": -0.9123117429804313,
        "level_norm": 0.24688994889098445,
        "to_hotel": 0.24045105130661368,
        "target_three": 0.9419524595071582,
        "has_monopoly": 0.5076556474764242,
        "bank_houses_ratio": -0.13097308711787975,
        "bank_hotels_ratio": 0.03438413982983217,
        "positional_threat_others": -0.2570186412822732,
        "house_scarcity": 0.360855011955077,
        "hotel_scarcity": -0.045662519611065176,
        "denial_value": 0.20283121916068708,
        "opponent_cash_pressure": -1.1019995944185725
      }
    },
    "mortgage": {
      "early": {
        "bias": -0.3525827111270641,
        "asset_value": -0.776619884658294,
        "low_value": 0.3954438356013615,
        "breaks_monopoly": -0.8216971077082206,
        "has_buildings": -0.7782051419841638,
        "group_heat": 0.048777343042457434,
        "group_heat_vs_base": -0.6916135783474067,
        "cell_heat": 0.03737066013253726,
        "landing_prob_group": -0.2065174914907006,
        "jail_exit_heat_group": 0.3758307410423473,
        "is_railroad": 0.4129186818248771,
        "is_utility": 0.3135850803827277,
        "cash_needed": 1.1424236431972425,
        "action_sell_building": 1.1061094670131197,
        "action_mortgage": 0.07959912661302379,
        "positional_threat_self": -0.05722319825837201
      },
      "mid": {
        "bias": -0.2766220210794974,
        "asset_value": -0.28440876476558075,
        "low_value": 0.24264654128816915,
        "breaks_monopoly": -1.6347445849537148,
        "has_buildings": -0.8626036955237227,
        "group_heat": 1.2034021662210457,
        "group_heat_vs_base": -0.04153601643751119,
        "cell_heat": 0.1078634187033009,
        "landing_prob_group": 0.025113358513490364,
        "jail_exit_heat_group": 0.1781934905109884,