{
  "cash_buffer_base": 278,
  "cash_buffer_per_house": 14,
  "max_bid_fraction": 0.2823396289667303,
  "trade_card_value": 50,
  "weights": {
    "auction": {
      "early": {
        "bias": -0.021195500148772157,
        "base_value": 0.6429486568084607,
        "group_strength": 0.25268954835587637,
        "group_heat": 0.10936158174301089,
        "group_heat_vs_base": -0.32838370621896495,
        "cell_heat": 0.4598654589391967,
        "landing_prob_group": -0.3609663002686378,
        "jail_exit_heat_group": -0.290170704656225,
        "completes_monopoly": 0.9276496732085061,
        "blocks_opponent_monopoly": 0.3953466600756389,
        "cash_after_bid": 0.569499327638698,
        "liquidity_ratio": 0.3561484207557126,
        "risk_of_ruin": -0.9646468317661542,
        "is_street": -0.24295465983410444,
        "is_railroad": 0.15467959086126606,
        "is_utility": 0.363816681900815,
        "owned_in_group": 0.8046940431025182,
        "positional_threat_self": -0.12680182101411452,
        "positional_threat_others": 0.46341450672345885,
        "railroad_synergy": -0.8166668875162646,
        "utility_synergy": -0.06815623427647427,
        "opponent_cash_min_norm": -0.0939208926296824,
        "opponent_cash_pressure": -0.5127219576945575
      },
      "mid": {
        "bias": -0.2703531599755091,
        "base_value": 0.72759069630209,
        "group_strength": 0.6628200213757807,
        "group_heat": 0.4105937668173756,
        "group_heat_vs_base": 0.3302476084239415,
        "cell_heat": -0.567624483404003,
        "landing_prob_group": 0.09611523134788502,
        "jail_exit_heat_group": 0.07750910099323405,
        "completes_monopoly": 1.219396349008192,
        "blocks_opponent_monopoly": 0.17877659959813302,
        "cash_after_bid": 0.551050625988835,
        "liquidity_ratio": -0.1854768045726664,
        "risk_of_ruin": -0.8292303424943144,
        "is_street": 0.4310730049731353,
        "is_railroad": 0.5251727845264633,
        "is_utility": 0.06830705325784904,
        "owned_in_group": 0.6390172777106542,
        "positional_threat_self": -0.11210904674611073,
        "positional_threat_others": -0.24336869491058427,
        "railroad_synergy": 0.546294427752567,
        "utility_synergy": -0.34139565102507224,
        "opponent_cash_min_norm": 0.3723654438117191,
        "opponent_cash_pressure": 0.27766204432846797
      },
      "late": {
        "bias": 0.456160344125536,
        "base_value": 1.6518535612872534,
        "group_strength": 0.6023539103711477,
        "group_heat": 0.18087040549378525,
        "group_heat_vs_base": 0.12537006187728586,
        "cell_heat": 0.09910630132784182,
        "landing_prob_group": 0.3961508490407104,
        "jail_exit_heat_group": 0.19901372069999806,
        "completes_monopoly": 1.7575207248986717,
        "blocks_opponent_monopoly": 0.24445784476565408,
        "cash_after_bid": 1.2824406410923268,
        "liquidity_ratio": 0.353889071437078,
        "risk_of_ruin": -0.8553334492157216,
        "is_street": 0.2783349326065381,
        "is_railroad": 0.3405717224960354,
        "is_utility": 0.519275440032691,
        "owned_in_group": 0.11491936799919947,
        "positional_threat_self": 0.05632174949406593,
        "positional_threat_others": -0.18804212929215983,
        "railroad_synergy": -0.7687892855027613,
        "utility_synergy": 0.3898147239750575,
        "opponent_cash_min_norm": 0.25818220493405025,
        "opponent_cash_pressure": -0.28916298628434123
      }
    },
    "build": {
      "early": {
        "bias": 1.1748664700513272,
        "roi": 2.1104641516613634,
        "rent_delta": 0.5038932589244113,
        "group_strength": 0.860543245127857,
        "group_heat": -0.15674462550956128,
        "group_heat_vs_base": -0.42521434316832285,
        "cell_heat": -0.09647690857311052,
        "landing_prob_group": -0.08512454093812134,
        "jail_exit_heat_group": -0.08848480022279454,
        "cash_after_build": 0.3227900150829155,
        "enemy_threat": -0.5484762895705061,
        "level_norm": -0.3005128550191961,
        "to_hotel": 0.3026875002886748,
        "target_three": 0.3279499311167037,
        "has_monopoly": 0.7556160393769568,
        "bank_houses_ratio": 0.7553468716484474,
        "bank_hotels_ratio": 0.43055518198691145,
        "positional_threat_others": 0.3715202772645121,
        "house_scarcity": -0.060377681567120395,
        "hotel_scarcity": 0.05304151282548585,
        "denial_value": -0.4276133050438399,
        "opponent_cash_pressure": 0.5585738162383638
      },
      "mid": {
        "bias": 0.093207346898569,
        "roi": 1.3104616887148632,
        "rent_delta": 0.1293783511827987,
        "group_strength": 0.4472875438093082,
        "group_heat": 0.09991552706889723,
        "group_heat_vs_base": -0.5259899316633153,
        "cell_heat": 0.044169153629851216,
        "landing_prob_group": -0.029575648389726032,
        "jail_exit_heat_group": 0.5034381335134275,
        "cash_after_build": 0.9012043289268692,
        "enemy_threat": -0.46319329295266953,
        "level_norm": 0.10699548942933373,
        "to_hotel": 0.4296939290614295,
        "target_three": 0.6042418912148982,
        "has_monopoly": 1.3271969162419617,
        "bank_houses_ratio": 0.03057473773485496,
        "bank_hotels_ratio": 0.894343501246473,
        "positional_threat_others": -0.11372220922153237,
        "house_scarcity": 0.15320242788035202,
        "hotel_scarcity": -0.5909650926036301,
        "denial_value": -0.4037801514471353,
        "opponent_cash_pressure": -0.01017477377587711
      },
      "late": {
        "bias": 0.2109649175956992,
        "roi": 0.45309470345300495,
        "rent_delta": 0.4332740497539836,
        "group_strength": 1.1529957176337131,
        "group_heat": 0.12006179074719012,
        "group_heat_vs_base": -0.677065912550119,
        "cell_heat": -0.50711923330194,
        "landing_prob_group": 0.02192002232267097,
        "jail_exit_heat_group": 0.4882204668444672,
        "cash_after_build": 1.0911600344520624,
        "enemy_threat": -0.871128069393242,
        "level_norm": -0.5450917567277997,
        "to_hotel": 0.36991127482038594,
        "target_three": -0.6210427696062871,
        "has_monopoly": 0.5926847458104623,
        "bank_houses_ratio": 0.21207160673421516,
        "bank_hotels_ratio": 0.15196885566779397,
        "positional_threat_others": -0.05103338569076914,
        "house_scarcity": 0.0648547484920318,
        "hotel_scarcity": 0.2916304159526353,
        "denial_value": 1.0712339255554892,
        "opponent_cash_pressure": -0.06501540667576727
      }
    },
    "mortgage": {
      "early": {
        "bias": -0.06979613550879703,
        "asset_value": -0.398469270292118,
        "low_value": 0.7985571493171276,
        "breaks_monopoly": -0.5634289921765071,
        "has_buildings": -0.801859100270346,
        "group_heat": -1.020489152773023,
        "group_heat_vs_base": -0.11412753491469796,
        "cell_heat": -0.13946147251184254,
        "landing_prob_group": 0.3369644392482747,
        "jail_exit_heat_group": -0.5718476817306042,
        "is_railroad": 0.075185069338992,
        "is_utility": 0.11285480573772794,
        "cash_needed": 0.6138943965631914,
        "action_sell_building": 1.313212786833164,
        "action_mortgage": 0.8222732716435672,
        "positional_threat_self": -0.32749804436921376
      },
      "mid": {
        "bias": 0.08309188862092354,
        "asset_value": -1.2675081258536218,
        "low_value": 1.0904414531442135,
        "breaks_monopoly": -1.206331751564822,
        "has_buildings": -0.5104113927367856,
        "group_heat": -0.8416476308330063,
        "group_heat_vs_base": 0.12638471362044262,
        "cell_heat": 0.4910065800927499,
        "landing_prob_group": -0.024506820809008872,
        "jail_exit_heat_group": 0.2546037492433536,
        "is_railroad": 0.3094291254391115,