{
  "cash_buffer_base": 159,
  "cash_buffer_per_house": 16,
  "max_bid_fraction": 0.7586518915413889,
  "trade_card_value": 50,
  "weights": {
    "auction": {
      "early": {
        "bias": -2.2519252684017355,
        "base_value": 0.4765799073119481,
        "group_strength": -1.095394200140423,
        "group_heat": -0.38719902279132845,
        "group_heat_vs_base": -0.019963345807124097,
        "cell_heat": -0.6577284580510405,
        "landing_prob_group": -2.0163322230986545,
        "jail_exit_heat_group": 0.2055128692816642,
        "completes_monopoly": 0.397299622678141,
        "blocks_opponent_monopoly": 0.2952841449441549,
        "cash_after_bid": 0.46436894852561306,
        "liquidity_ratio": 0.3834061331821083,
        "risk_of_ruin": -1.0510214186307774,
        "is_street": 0.2062589333851385,
        "is_railroad": 0.23507775598159358,
        "is_utility": 0.08228980513518275,
        "owned_in_group": 0.5076875839508892,
        "positional_threat_self": 0.1476645363390135,
        "positional_threat_others": -0.4083394981048216,
        "railroad_synergy": 0.6735146469799729,
        "utility_synergy": -0.04842986904410242,
        "opponent_cash_min_norm": -0.5663208823953315,
        "opponent_cash_pressure": -0.5297760143335517
      },
      "mid": {
        "bias": 0.6102080591095447,
        "base_value": 1.1184256423143222,
        "group_strength": 0.588586954963705,
        "group_heat": 0.08168463159258507,
        "group_heat_vs_base": 0.5996740341576761,
        "cell_heat": -0.14906585123332056,
        "landing_prob_group": 0.530830347360827,
        "jail_exit_heat_group": 0.15511524256651127,
        "completes_monopoly": 1.2473719225313227,
        "blocks_opponent_monopoly": 0.43605216108036476,
        "cash_after_bid": 0.6598630008516204,
        "liquidity_ratio": 1.0234651726564088,
        "risk_of_ruin": -1.6100440154321023,
        "is_street": 0.732535976611862,
        "is_railroad": 0.3451735347634328,
        "is_utility": 0.288843798558207,
        "owned_in_group": 0.08208072843565861,
        "positional_threat_self": -0.16882404799592718,
        "positional_threat_others": 0.16797326221399095,
        "railroad_synergy": -0.8295483309695526,
        "utility_synergy": -0.3843497449778949,
        "opponent_cash_min_norm": 0.15627676961861559,
        "opponent_cash_pressure": -0.3548288118299085
      },
      "late": {
        "bias": -1.2003597415090892,
        "base_value": 1.588724217301364,
        "group_strength": 0.4096440728161383,
        "group_heat": 0.05610207564524283,
        "group_heat_vs_base": 0.014522773157668395,
        "cell_heat": -0.1373466807276678,
        "landing_prob_group": 0.6736656952789161,
        "jail_exit_heat_group": 0.5745054596460586,
        "completes_monopoly": 1.449296935535692,
        "blocks_opponent_monopoly": 0.7974012564173163,
        "cash_after_bid": 0.8050309464205035,
        "liquidity_ratio": 0.9748261998700234,
        "risk_of_ruin": -0.8605963667616524,
        "is_street": 0.6710776735067414,
        "is_railroad": 0.7801401408941822,
        "is_utility": -0.3218305900140249,
        "owned_in_group": 0.546966285337754,
        "positional_threat_self": -0.21224792499298326,
        "positional_threat_others": 0.264059200658624,
        "railroad_synergy": 0.9400591058105098,
        "utility_synergy": -0.7862547572944713,
        "opponent_cash_min_norm": 0.0013056068813015256,
        "opponent_cash_pressure": 0.01177027203246243
      }
    },
    "build": {
      "early": {
        "bias": -0.1521395593906633,
        "roi": 0.846522524506028,
        "rent_delta": 0.19239832868972423,
        "group_strength": -0.1442482216988175,
        "group_heat": 0.008323111034648068,
        "group_heat_vs_base": 0.24179380647974197,
        "cell_heat": -0.10438908613373511,
        "landing_prob_group": 0.01288022916885638,
        "jail_exit_heat_group": -0.16507156295941275,
        "cash_after_build": -0.04493078203673928,
        "enemy_threat": -1.023170438156113,
        "level_norm": -0.09850925769531531,
        "to_hotel": 0.6705663535420415,
        "target_three": -0.02427436968904316,
        "has_monopoly": 0.48770807393091165,
        "bank_houses_ratio": -0.15241786821492823,
        "bank_hotels_ratio": 0.2619632434512504,
        "positional_threat_others": -0.07088513677565603,
        "house_scarcity": 0.3049868330970999,
        "hotel_scarcity": 0.8316286832340141,
        "denial_value": -0.4689879630434218,
        "opponent_cash_pressure": -0.3824038013176112
      },
      "mid": {
        "bias": 0.021636809252226726,
        "roi": 1.0261341297775795,
        "rent_delta": 0.20987952452190853,
        "group_strength": 0.6066116899286417,
        "group_heat": -0.39142526441007486,
        "group_heat_vs_base": -0.12171448276354674,
        "cell_heat": 0.37853733230798003,
        "landing_prob_group": 0.6302208168168398,
        "jail_exit_heat_group": -0.2704798388144627,
        "cash_after_build": 0.5167065500831485,
        "enemy_threat": 0.1285269431342462,
        "level_norm": -0.49916160064352877,
        "to_hotel": -0.007919032658552089,
        "target_three": 0.26068649567640945,
        "has_monopoly": 0.4327166137023897,
        "bank_houses_ratio": 0.16629689579092888,
        "bank_hotels_ratio": 0.612467786221932,
        "positional_threat_others": 0.12615981449931882,
        "house_scarcity": -0.14903477860571823,
        "hotel_scarcity": 0.9480962026060137,
        "denial_value": -0.37086198498141904,
        "opponent_cash_pressure": 0.144080780832494
      },
      "late": {
        "bias": -0.610505294982402,
        "roi": 0.7181367653057088,
        "rent_delta": 0.04250458490676996,
        "group_strength": 0.250499413975812,
        "group_heat": -0.5529933541408802,
        "group_heat_vs_base": 0.20708424884186571,
        "cell_heat": 0.2723327816748334,
        "landing_prob_group": 0.6113128917376501,
        "jail_exit_heat_group": 0.045218758107423415,
        "cash_after_build": 1.3004168347014724,
        "enemy_threat": -0.8601609886647553,
        "level_norm": 0.33022724859861347,
        "to_hotel": 0.10623871513812363,
        "target_three": -0.03510859710700208,
        "has_monopoly": 0.3458025407892279,
        "bank_houses_ratio": 1.4004018912703267,
        "bank_hotels_ratio": 0.14536018138846696,
        "positional_threat_others": 0.035659305692840704,
        "house_scarcity": 0.038936673952602294,
        "hotel_scarcity": 1.250490479835394,
        "denial_value": -0.00048704676019297594,
        "opponent_cash_pressure": -0.21393780461457723
      }
    },
    "mortgage": {
      "early": {
        "bias": -0.2986138627076018,
        "asset_value": -0.7308104113474816,
        "low_value": 0.9344624735891037,
        "breaks_monopoly": -1.2208574463963675,
        "has_buildings": -0.9913241112680821,
        "group_heat": 0.20279473376480217,
        "group_heat_vs_base": 0.059323919969130806,
        "cell_heat": -0.4471848731683833,
        "landing_prob_group": 0.6277730064544836,
        "jail_exit_heat_group": 0.966827287489345,
        "is_railroad": 0.0723156315093405,
        "is_utility": 0.07379979927565143,
        "cash_needed": 1.073885165260665,
        "action_sell_building": 0.9180251308264001,
        "action_mortgage": 0.570046287164288,
        "positional_threat_self": -0.33948651002970176
      },
      "mid": {
        "bias": -0.1484689426912443,
        "asset_value": -0.7368857817601131,
        "low_value": 0.9592019038973656,
        "breaks_monopoly": -0.691545671602238,
        "has_buildings": -0.33093102821233905,
        "group_heat": -0.29065769117574286,
        "group_heat_vs_base": 0.2686177377434789,
        "cell_heat": 0.25222545596261586,
        "landing_prob_group": -0.636786778351474,
        "jail_exit_heat_group": -0.4546105831315988,
        "is_railroad": -0.8008628110596338,