{
  "cash_buffer_base": 93,
  "cash_buffer_per_house": 12,
  "max_bid_fraction": 0.48348871215848305,
  "trade_card_value": 50,
  "weights": {
    "auction": {
      "early": {
        "bias": -0.06284419643732028,
        "base_value": 0.8568651238059399,
        "group_strength": 0.54181743494755,
        "group_heat": -0.022600708560491983,
        "group_heat_vs_base": 0.10015078541839259,
        "cell_heat": -0.10258055916884659,
        "landing_prob_group": -0.28772977804235095,
        "jail_exit_heat_group": -0.013197261672970972,
        "completes_monopoly": 1.7955562950570134,
        "blocks_opponent_monopoly": 1.380295320811578,
        "cash_after_bid": 0.7395908034436028,
        "liquidity_ratio": 0.9522588254185584,
        "risk_of_ruin": -0.8083963973054209,
        "is_street": 0.6235274563648502,
        "is_railroad": 0.20830399692442791,
        "is_utility": 0.3042467580813202,
        "owned_in_group": 0.8811479898307739,
        "positional_threat_self": 0.10644237178750526,
        "positional_threat_others": -0.03747292686605852,
        "railroad_synergy": -0.3273225520641493,
        "utility_synergy": -1.2713846715794834,
        "opponent_cash_min_norm": 0.16454088293162117,
        "opponent_cash_pressure": 0.22103228643636025
      },
      "mid": {
        "bias": 0.2692622840565905,
        "base_value": 0.7303846694050045,
        "group_strength": 0.2210578946477247,
        "group_heat": 0.34487089650163216,
        "group_heat_vs_base": -0.0838684647385349,
        "cell_heat": -0.029690941537485943,
        "landing_prob_group": -0.1402210465701644,
        "jail_exit_heat_group": 0.2123512794750751,
        "completes_monopoly": 1.2757320141255937,
        "blocks_opponent_monopoly": 0.8463772088115418,
        "cash_after_bid": 0.6381686474024612,
        "liquidity_ratio": 0.2806631667737374,
        "risk_of_ruin": -1.2534859209808438,
        "is_street": 0.3529837731717617,
        "is_railroad": -0.2705985381264772,
        "is_utility": 0.1285434256657565,
        "owned_in_group": 0.42699196308709686,
        "positional_threat_self": -0.11712212228969465,
        "positional_threat_others": 0.031980456294853965,
        "railroad_synergy": -0.18723804686827528,
        "utility_synergy": 0.10815595642326266,
        "opponent_cash_min_norm": -0.07667244192373915,
        "opponent_cash_pressure": -0.17412309059178888
      },
      "late": {
        "bias": -0.6033266913088382,
        "base_value": 0.9984707007476462,
        "group_strength": -0.31234809287193954,
        "group_heat": -0.47710693101019985,
        "group_heat_vs_base": 0.26582984034751633,
        "cell_heat": -0.23444631254358805,
        "landing_prob_group": 0.3871787996333511,
        "jail_exit_heat_group": 0.05434988324943199,
        "completes_monopoly": 1.1783072345897967,
        "blocks_opponent_monopoly": 1.0126291486711074,
        "cash_after_bid": 0.8101015923628734,
        "liquidity_ratio": 0.21884393818301312,
        "risk_of_ruin": -1.4463792045882171,
        "is_street": -0.09795512909615417,
        "is_railroad": 0.8679886386757487,
        "is_utility": 0.16520453157831053,
        "owned_in_group": -0.39394256574814357,
        "positional_threat_self": -0.07642289284573184,
        "positional_threat_others": 0.186869531447344,
        "railroad_synergy": -0.5188425287874577,
        "utility_synergy": -0.13621071322259865,
        "opponent_cash_min_norm": 0.40555767215174565,
        "opponent_cash_pressure": -0.43750257445195817
      }
    },
    "build": {
      "early": {
        "bias": 0.5538514358096074,
        "roi": 0.9547869275073602,
        "rent_delta": 0.33560349156852176,
        "group_strength": 0.49901402756065627,
        "group_heat": -0.13624761807389854,
        "group_heat_vs_base": -0.13938713300085392,
        "cell_heat": -0.11966860540169466,
        "landing_prob_group": 0.1822932428361579,
        "jail_exit_heat_group": 0.09550468241001231,
        "cash_after_build": 0.4813269931761367,
        "enemy_threat": -0.3260318350943707,
        "level_norm": -0.6440543178266274,
        "to_hotel": 0.3641421159342358,
        "target_three": 0.2116561996697853,
        "has_monopoly": 1.2369306848167698,
        "bank_houses_ratio": 0.294290119819488,
        "bank_hotels_ratio": 0.3809449704282679,
        "positional_threat_others": 0.08941168363341762,
        "house_scarcity": -0.16343150330244158,
        "hotel_scarcity": -0.2251000144527237,
        "denial_value": 0.14259713841372978,
        "opponent_cash_pressure": -0.2787894582214641
      },
      "mid": {
        "bias": -0.7493988026708808,
        "roi": 0.9253939354018047,
        "rent_delta": 0.8025951864787031,
        "group_strength": 0.9070897006929387,
        "group_heat": 0.5741269278846055,
        "group_heat_vs_base": -0.07947903539955228,
        "cell_heat": -0.017179432564569524,
        "landing_prob_group": -0.1268581215975418,
        "jail_exit_heat_group": 0.288819404922359,
        "cash_after_build": 0.6663033694298215,
        "enemy_threat": 0.17553352860945257,
        "level_norm": -0.0617915795733721,
        "to_hotel": 0.7009817166300423,
        "target_three": 0.31440201622723163,
        "has_monopoly": 0.7573455689868916,
        "bank_houses_ratio": -0.8194528624321822,
        "bank_hotels_ratio": 0.6050331530849049,
        "positional_threat_others": -0.13756932956547777,
        "house_scarcity": 0.20190348555848883,
        "hotel_scarcity": 0.08208357394425313,
        "denial_value": 0.2526184387712247,
        "opponent_cash_pressure": 0.4858377499815742
      },
      "late": {
        "bias": 0.2561209070404896,
        "roi": 1.0622958116372518,
        "rent_delta": 0.11686781010632766,
        "group_strength": 0.3639988557179421,
        "group_heat": -0.6725122577408796,
        "group_heat_vs_base": -0.7402441972771492,
        "cell_heat": -0.3448261489439136,
        "landing_prob_group": -0.799213504540999,
        "jail_exit_heat_group": 0.2249276940998222,
        "cash_after_build": 1.019930276369419,
        "enemy_threat": -0.43766014748919346,
        "level_norm": -0.4752600344051618,
        "to_hotel": 0.09345591439209207,
        "target_three": 0.4933753071371514,
        "has_monopoly": 0.849341043064631,
        "bank_houses_ratio": -0.11846695109577993,
        "bank_hotels_ratio": 0.8184609433469101,
        "positional_threat_others": -0.15044291223037526,
        "house_scarcity": 0.23287950255164325,
        "hotel_scarcity": -0.5230821533526941,
        "denial_value": 0.23902930056786117,
        "opponent_cash_pressure": 0.37278555593554363
      }
    },
    "mortgage": {
      "early": {
        "bias": -0.03757124037061598,
        "asset_value": -0.4256215396485242,
        "low_value": 0.9628644357322598,
        "breaks_monopoly": -1.0896228304681261,
        "has_buildings": -1.56391487521759,
        "group_heat": 0.32920299131404257,
        "group_heat_vs_base": -0.5650151878928885,
        "cell_heat": 0.7112801455595739,
        "landing_prob_group": -0.03762981584736744,
        "jail_exit_heat_group": 0.11010312478385549,
        "is_railroad": 0.1153261657541775,
        "is_utility": 0.16799810537112947,
        "cash_needed": 0.7838349463759489,
        "action_sell_building": 0.40219812201323046,
        "action_mortgage": 0.3566068533342274,
        "positional_threat_self": -0.2285245966030568
      },
      "mid": {
        "bias": -0.20820804667492798,
        "asset_value": -0.21547478211851662,
        "low_value": 1.1615338092092875,
        "breaks_monopoly": -0.5424621048039261,
        "has_buildings": -0.7282469238086813,
        "group_heat": 0.24328057204280812,
        "group_heat_vs_base": 0.5326173137794668,
        "cell_heat": -0.15671339790036437,
        "landing_prob_group": 0.219659079882153,
        "jail_exit_heat_group": 0.3841284340177187,
        "is_railroad": 0.07113640007273955,