{
  "cash_buffer_base": 100,
  "cash_buffer_per_house": 7,
  "max_bid_fraction": 0.5979829464826423,
  "trade_card_value": 67,
  "weights": {
    "auction": {
      "early": {
        "bias": -0.298944624182179,
        "base_value": 1.5892849176744288,
        "group_strength": 0.21345298301815246,
        "group_heat": -0.31038347568604874,
        "group_heat_vs_base": -0.6092761530331192,
        "cell_heat": -0.005317232775789535,
        "landing_prob_group": -0.07645561417097776,
        "jail_exit_heat_group": -0.1458718259945806,
        "completes_monopoly": 0.369270584158928,
        "blocks_opponent_monopoly": 0.349423669009466,
        "cash_after_bid": 0.2879740605320801,
        "liquidity_ratio": 0.38581104671675215,
        "risk_of_ruin": -0.6555769202167941,
        "is_street": 0.4191773224779587,
        "is_railroad": 1.419266150007704,
        "is_utility": 0.19019570331693314,
        "owned_in_group": 0.6879802947724347,
        "positional_threat_self": 0.291941474464268,
        "positional_threat_others": -0.0023505836911140443,
        "railroad_synergy": 0.18230319685421048,
        "utility_synergy": 0.2029070404289003,
        "opponent_cash_min_norm": -0.2452608425962507,
        "opponent_cash_pressure": -0.14776017806413627
      },
      "mid": {
        "bias": 0.08979198746426258,
        "base_value": 0.6803264049042821,
        "group_strength": -0.2402693687125689,
        "group_heat": -1.005502921348844,
        "group_heat_vs_base": 1.129244367434421,
        "cell_heat": 0.4960659481451535,
        "landing_prob_group": 0.5487029854370477,
        "jail_exit_heat_group": -0.6254781542621525,
        "completes_monopoly": 0.9093778467223055,
        "blocks_opponent_monopoly": 0.7878675701496213,
        "cash_after_bid": 0.31664594573532656,
        "liquidity_ratio": 0.7112993452764349,
        "risk_of_ruin": -1.9733047849736876,
        "is_street": 0.36432450082153545,
        "is_railroad": -0.13381784190181087,
        "is_utility": 0.3868934334314783,
        "owned_in_group": 0.5447532897796045,
        "positional_threat_self": 0.2473793471566174,
        "positional_threat_others": 0.6533438558758803,
        "railroad_synergy": -0.040965731075677886,
        "utility_synergy": -0.033972768519832636,
        "opponent_cash_min_norm": 0.23327343658339908,
        "opponent_cash_pressure": 0.1976440869489007
      },
      "late": {
        "bias": -0.12087529074054164,
        "base_value": 1.3523193888132312,
        "group_strength": 0.8604031371587169,
        "group_heat": -0.0635097367511165,
        "group_heat_vs_base": 0.5408329041472313,
        "cell_heat": -0.37465004286913695,
        "landing_prob_group": -0.28209547363831977,
        "jail_exit_heat_group": 0.5075025725106977,
        "completes_monopoly": 1.2306172393740202,
        "blocks_opponent_monopoly": 0.7264757484020772,
        "cash_after_bid": 0.9788409425027246,
        "liquidity_ratio": 0.9668024250666767,
        "risk_of_ruin": -1.2062161004283938,
        "is_street": -0.654408074417246,
        "is_railroad": 0.5442453469795885,
        "is_utility": 0.23989254265948173,
        "owned_in_group": 0.6896950366822623,
        "positional_threat_self": 0.02463442591241783,
        "positional_threat_others": -0.20553830122310007,
        "railroad_synergy": -0.08839096378640698,
        "utility_synergy": 0.05980205877434901,
        "opponent_cash_min_norm": -0.08248378437944177,
        "opponent_cash_pressure": -0.28449977718496966
      }
    },
    "build": {
      "early": {
        "bias": 0.4985150615786432,
        "roi": 0.654429789245355,
        "rent_delta": 0.10895724884997665,
        "group_strength": 0.2841907859323205,
        "group_heat": 0.31785043848019673,
        "group_heat_vs_base": 0.9225211933212677,
        "cell_heat": 0.6611016624678787,
        "landing_prob_group": -0.029181535661002803,
        "jail_exit_heat_group": 0.5506722615569526,
        "cash_after_build": 0.6389968167702326,
        "enemy_threat": -0.7369906045801616,
        "level_norm": 0.30209303484615513,
        "to_hotel": -0.20854954259692127,
        "target_three": 0.2317670404901704,
        "has_monopoly": 0.30918348980575305,
        "bank_houses_ratio": -0.20823126012402993,
        "bank_hotels_ratio": -0.5961926830019186,
        "positional_threat_others": 0.4048610612095582,
        "house_scarcity": 0.05117732348546511,
        "hotel_scarcity": 0.1855294493508743,
        "denial_value": -0.7078746375080919,
        "opponent_cash_pressure": -0.2772830041617058
      },
      "mid": {
        "bias": -0.5457431006359945,
        "roi": 1.1114926709301618,
        "rent_delta": 0.7676027939429417,
        "group_strength": 1.0610676942792232,
        "group_heat": 0.5119304307683349,
        "group_heat_vs_base": 0.09929156029381031,
        "cell_heat": -0.5946293652524095,
        "landing_prob_group": 0.11468443157816696,
        "jail_exit_heat_group": 0.8101637403915711,
        "cash_after_build": 0.4818477650453864,
        "enemy_threat": -0.38299683612133983,
        "level_norm": -0.2111901321281179,
        "to_hotel": -0.7968554479657162,
        "target_three": -0.18148484668983145,
        "has_monopoly": 1.5192518698548674,
        "bank_houses_ratio": 0.1563694837191374,
        "bank_hotels_ratio": 0.5071953613285844,
        "positional_threat_others": 0.45004586808341573,
        "house_scarcity": -0.2604343995745526,
        "hotel_scarcity": -0.0023515260316011033,
        "denial_value": 0.03540535818026033,
        "opponent_cash_pressure": 0.38056925775522493
      },
      "late": {
        "bias": 0.09770974686278928,
        "roi": 1.4203836178836933,
        "rent_delta": 0.4756433163194328,
        "group_strength": 0.2843997232831971,
        "group_heat": -0.22386931261101803,
        "group_heat_vs_base": -0.06895222544585843,
        "cell_heat": -0.09381502142158499,
        "landing_prob_group": -0.1005696737013113,
        "jail_exit_heat_group": -0.2024518290390682,
        "cash_after_build": 0.03157330884910385,
        "enemy_threat": -0.6406937019426583,
        "level_norm": 0.15900710568750326,
        "to_hotel": -0.5092033339706348,
        "target_three": 0.1993168932749046,
        "has_monopoly": -0.05394358273975735,
        "bank_houses_ratio": 0.17863643182013741,
        "bank_hotels_ratio": 0.6831523535435169,
        "positional_threat_others": -0.09616871738559266,
        "house_scarcity": 0.4694668673842245,
        "hotel_scarcity": -0.39143483255262357,
        "denial_value": -0.311508938774084,
        "opponent_cash_pressure": -0.989566698245763
      }
    },
    "mortgage": {
      "early": {
        "bias": 0.052716421622789444,
        "asset_value": -0.5016472498573595,
        "low_value": 0.2471688963209862,
        "breaks_monopoly": -1.6118339266486734,
        "has_buildings": -1.274929073925073,
        "group_heat": 0.3592373510258795,
        "group_heat_vs_base": -0.08354208795530157,
        "cell_heat": 0.004204931468814108,
        "landing_prob_group": -0.5005115353716919,
        "jail_exit_heat_group": -0.33675005679018155,
        "is_railroad": 0.45339681141365423,
        "is_utility": 0.08065856724067336,
        "cash_needed": 1.0778593066325866,
        "action_sell_building": 0.4753253852673358,
        "action_mortgage": 0.41061810552602207,
        "positional_threat_self": 0.2995503433510141
      },
      "mid": {
        "bias": -0.13097733639792847,
        "asset_value": -0.30562114107235905,
        "low_value": 1.0245420492792514,
        "breaks_monopoly": -0.761385862456738,
        "has_buildings": -1.0232931493749267,
        "group_heat": -0.13248554375884086,
        "group_heat_vs_base": -0.11169171581463574,
        "cell_heat": -0.11530170156469113,
        "landing_prob_group": -0.1358792474196677,
        "jail_exit_heat_group": 0.10224460429058702,
        "is_railroad": 0.22541660132718797,