{
  "cash_buffer_base": 63,
  "cash_buffer_per_house": 31,
  "max_bid_fraction": 0.24707945698164824,
  "trade_card_value": 27,
  "weights": {
    "auction": {
      "early": {
        "bias": 0.15679905982405687,
        "base_value": 1.013183479353875,
        "group_strength": 0.2159645120960198,
        "group_heat": 0.432857860388028,
        "group_heat_vs_base": 0.18247287566492817,
        "cell_heat": 0.09670608074255999,
        "landing_prob_group": -0.3502574239614959,
        "jail_exit_heat_group": 0.0016720882639007992,
        "completes_monopoly": 1.704053220125332,
        "blocks_opponent_monopoly": 0.19057692174349927,
        "cash_after_bid": 0.6859811451952785,
        "liquidity_ratio": 0.537572417930948,
        "risk_of_ruin": -1.1990818328922481,
        "is_street": 0.9195348278110691,
        "is_railroad": 0.34514189681221347,
        "is_utility": -0.0871861947639018,
        "owned_in_group": 0.46052031702108126,
        "positional_threat_self": 0.1618973479223363,
        "positional_threat_others": -0.22837807110239222,
        "railroad_synergy": 0.06317783423673737,
        "utility_synergy": -0.7187961043054203,
        "opponent_cash_min_norm": -0.08798935044608303,
        "opponent_cash_pressure": -0.17444699490064106
      },
      "mid": {
        "bias": 0.15857324609579726,
        "base_value": 1.2665268143849913,
        "group_strength": -0.1512923905360577,
        "group_heat": -0.1409048261909149,
        "group_heat_vs_base": 0.48064771876011686,
        "cell_heat": 0.4114767896671759,
        "landing_prob_group": 0.3461259037565449,
        "jail_exit_heat_group": 0.04243099847635959,
        "completes_monopoly": 1.2364759600190427,
        "blocks_opponent_monopoly": 0.25776011398259535,
        "cash_after_bid": 0.5253576866619645,
        "liquidity_ratio": 0.7376008403338628,
        "risk_of_ruin": -1.1770249748148738,
        "is_street": 0.23563117301986392,
        "is_railroad": 0.06993838391008905,
        "is_utility": -0.1592231742452861,
        "owned_in_group": 0.49236432897995935,
        "positional_threat_self": -0.39430966376042587,
        "positional_threat_others": 0.28444041372317186,
        "railroad_synergy": -0.27107406501808673,
        "utility_synergy": 0.050401190510415146,
        "opponent_cash_min_norm": -0.23012006658981565,
        "opponent_cash_pressure": -0.416363147710698
      },
      "late": {
        "bias": -0.3860293309767495,
        "base_value": 1.2985292551035363,
        "group_strength": 0.4526088416481452,
        "group_heat": -0.49452591144879476,
        "group_heat_vs_base": -0.28742065539408757,
        "cell_heat": 0.4608396132468156,
        "landing_prob_group": -0.2153070401940283,
        "jail_exit_heat_group": -0.14990168359258146,
        "completes_monopoly": 1.0387277091359508,
        "blocks_opponent_monopoly": 0.5633383980036738,
        "cash_after_bid": 1.5891454615318128,
        "liquidity_ratio": 0.8638934270117151,
        "risk_of_ruin": -1.1702734262249637,
        "is_street": 0.01992369631038192,
        "is_railroad": 0.3637327888705781,
        "is_utility": -0.12820642325958337,
        "owned_in_group": 1.3975910247129448,
        "positional_threat_self": -0.25122075521017895,
        "positional_threat_others": 0.49350684194395855,
        "railroad_synergy": 0.16283855312619835,
        "utility_synergy": 0.5675984206461719,
        "opponent_cash_min_norm": 0.08242299536234786,
        "opponent_cash_pressure": 0.312245700363896
      }
    },
    "build": {
      "early": {
        "bias": 0.12094903094136113,
        "roi": 0.755010223573468,
        "rent_delta": 0.5095025174353686,
        "group_strength": 0.4438381434558875,
        "group_heat": -0.2285514206897696,
        "group_heat_vs_base": 0.41052399259609235,
        "cell_heat": -0.12160816424032672,
        "landing_prob_group": 0.6645509258738231,
        "jail_exit_heat_group": 0.08941316706055248,
        "cash_after_build": 0.5474235448907128,
        "enemy_threat": 0.5066063900838462,
        "level_norm": -0.16675870871548723,
        "to_hotel": -0.1074866229876484,
        "target_three": 0.2044320436121053,
        "has_monopoly": 0.8695557594713699,
        "bank_houses_ratio": 0.6895552287491815,
        "bank_hotels_ratio": 0.49892617159991764,
        "positional_threat_others": -0.3051248893033541,
        "house_scarcity": -0.24384886334634034,
        "hotel_scarcity": 0.07162356709992729,
        "denial_value": 0.15902283048445226,
        "opponent_cash_pressure": -0.02154839111290568
      },
      "mid": {
        "bias": -0.47361696418412375,
        "roi": 0.7667475617446801,
        "rent_delta": -0.2646276130812344,
        "group_strength": 0.1618468825456167,
        "group_heat": 0.17358574855860864,
        "group_heat_vs_base": 0.07226723103467952,
        "cell_heat": -0.0720384621114009,
        "landing_prob_group": -0.7598007916245103,
        "jail_exit_heat_group": 0.19880641267963045,
        "cash_after_build": 0.3107724436244449,
        "enemy_threat": -0.22843509205969909,
        "level_norm": 0.044902509206112745,
        "to_hotel": 0.26528959835041027,
        "target_three": 0.5735182588153024,
        "has_monopoly": 1.2859098287837996,
        "bank_houses_ratio": 0.6436424693578809,
        "bank_hotels_ratio": 0.33224470845589515,
        "positional_threat_others": -0.22163536135774448,
        "house_scarcity": 0.23044595496110276,
        "hotel_scarcity": 0.6490945497737924,
        "denial_value": 0.15779608778667292,
        "opponent_cash_pressure": -0.3122237782918466
      },
      "late": {
        "bias": -0.07546188116416389,
        "roi": 1.055055240446771,
        "rent_delta": 0.3879983503150121,
        "group_strength": 0.25427642269015804,
        "group_heat": -0.14215044265225676,
        "group_heat_vs_base": -0.020234968906391065,
        "cell_heat": -0.15099668386737092,
        "landing_prob_group": -0.3145914866643826,
        "jail_exit_heat_group": 0.38449311333452957,
        "cash_after_build": 0.7566793196804844,
        "enemy_threat": -0.9596643531607222,
        "level_norm": 0.1307406475300101,
        "to_hotel": 0.11878644950242384,
        "target_three": 0.21817878147188532,
        "has_monopoly": 0.6353282791145896,
        "bank_houses_ratio": 0.3299335695950679,
        "bank_hotels_ratio": -0.39606045738466533,
        "positional_threat_others": 0.36535208135616815,
        "house_scarcity": -1.619582639022151,
        "hotel_scarcity": 0.19617022750449345,
        "denial_value": 0.04160340539896658,
        "opponent_cash_pressure": -0.018214348566322702
      }
    },
    "mortgage": {
      "early": {
        "bias": 0.23271240015534325,
        "asset_value": -0.8502825544402333,
        "low_value": 0.2753736218568702,
        "breaks_monopoly": -0.4204094609540163,
        "has_buildings": -0.8629312054639364,
        "group_heat": 0.11388129719340517,
        "group_heat_vs_base": -0.3621263996793999,
        "cell_heat": 0.10570841623425695,
        "landing_prob_group": 0.3741810481098929,
        "jail_exit_heat_group": 0.16051111242136176,
        "is_railroad": 0.16884572739436213,
        "is_utility": -0.08485581584434787,
        "cash_needed": 1.3034835205673818,
        "action_sell_building": 0.6136169941093879,
        "action_mortgage": 0.10392675117048138,
        "positional_threat_self": 0.5201488519840973
      },
      "mid": {
        "bias": -0.49324088169413177,
        "asset_value": -0.2601948730584987,
        "low_value": 0.36154142780743403,
        "breaks_monopoly": -1.4606015304663054,
        "has_buildings": -0.615662545977896,
        "group_heat": -0.3842596545580209,
        "group_heat_vs_base": -0.2913479812213172,
        "cell_heat": 0.4219014849046464,
        "landing_prob_group": -0.03557388278189064,
        "jail_exit_heat_group": 0.4912882700240162,
        "is_railroad": -0.16961301862561173,